name,aliases,category,subcategory,edible_pct,energy_kcal,protein_g,fat_g,carb_g,potassium_mg,phosphorus_mg,sodium_mg,calcium_mg,unit_name,unit_grams,unit_desc,note
小麦,,小麦,,100.0,338.0,11.9,1.3,75.2,289.0,325.0,0.0,34.0,100g,100,每100克可食部,
五谷香,,小麦,,100.0,378.0,9.9,2.6,78.9,7.0,13.0,0.0,2.0,100g,100,每100克可食部,
小麦粉（代表值）,,小麦,,100.0,359.0,12.4,1.7,74.1,185.0,136.0,0.0,28.0,100g,100,每100克可食部,
小麦粉（富强粉，特一粉）,,小麦,,100.0,351.0,10.3,1.1,75.2,128.0,114.0,0.0,27.0,100g,100,每100克可食部,
小麦粉（特二粉）,,小麦,,100.0,352.0,10.4,1.1,75.9,124.0,120.0,0.0,30.0,100g,100,每100克可食部,
小麦胚粉,,小麦,,100.0,403.0,36.4,10.1,44.5,1523.0,1168.0,0.0,85.0,100g,100,每100克可食部,
麸皮,,小麦,,100.0,282.0,15.8,4.0,61.4,862.0,682.0,0.0,206.0,100g,100,每100克可食部,
小麦粉（标准粉）,,小麦,,100.0,362.0,15.7,2.5,70.9,190.0,167.0,0.0,31.0,100g,100,每100克可食部,
小麦粉（富强粉、特一粉）,,小麦,,100.0,362.0,12.3,1.5,74.9,128.0,114.0,0.0,27.0,100g,100,每100克可食部,
小麦粉（特制）,,小麦,,100.0,366.0,13.3,2.2,73.5,356.0,167.0,0.0,23.0,100g,100,每100克可食部,
挂面（代表值）,,小麦,,100.0,353.0,11.4,0.9,75.1,129.0,134.0,0.0,20.0,100g,100,每100克可食部,
挂面（标准粉）,,小麦,,100.0,348.0,10.1,0.7,76.0,157.0,153.0,0.0,14.0,100g,100,每100克可食部,
挂面（精制龙须面）,,小麦,,100.0,348.0,11.2,0.5,74.7,109.0,137.0,0.0,26.0,100g,100,每100克可食部,
面条（生，代表值）,,小麦,,100.0,301.0,8.9,0.6,65.6,123.0,139.0,0.0,12.0,碗,100,1碗熟面条约100g,
面条（标准粉，切面）,,小麦,,100.0,283.0,8.5,1.6,59.5,161.0,142.0,0.0,13.0,碗,100,1碗熟面条约100g,
面条（特粉，切面）,,小麦,,100.0,287.0,7.3,0.1,64.5,128.0,181.0,0.0,3.0,碗,100,1碗熟面条约100g,
面条（干切面）,,小麦,,100.0,355.0,11.0,0.1,77.7,100.0,142.0,0.0,8.0,碗,100,1碗熟面条约100g,
面条（虾蓉面）,,小麦,,100.0,436.0,8.5,15.1,68.3,101.0,92.0,0.0,17.0,碗,100,1碗熟面条约100g,
通心面,通心粉,小麦,,100.0,351.0,11.9,0.1,75.8,209.0,97.0,0.0,14.0,100g,100,每100克可食部,
挂面（富强粉）,,小麦,,100.0,363.0,13.0,1.5,74.7,122.0,112.0,0.0,21.0,100g,100,每100克可食部,
龙须面（素）,,小麦,,100.0,359.0,10.8,1.8,75.7,77.0,86.0,0.0,15.0,100g,100,每100克可食部,
龙须面（鸡蛋）,,小麦,,100.0,352.0,14.0,1.8,71.5,529.0,140.0,0.0,12.0,100g,100,每100克可食部,
面条（富强粉，切面）,,小麦,,100.0,277.0,8.9,0.4,60.7,102.0,92.0,0.0,24.0,碗,100,1碗熟面条约100g,
面条（富强粉，煮）,,小麦,,100.0,107.0,3.9,0.4,22.8,15.0,24.0,0.0,4.0,碗,100,1碗熟面条约100g,
花卷,,小麦,,100.0,214.0,6.4,1.0,45.6,83.0,72.0,0.0,19.0,100g,100,每100克可食部,
空锅饼,,小麦,,100.0,278.0,8.6,0.2,60.9,138.0,133.0,0.0,2.0,100g,100,每100克可食部,
烙饼（标准粉）,,小麦,,100.0,258.0,7.5,2.3,52.9,141.0,146.0,0.0,20.0,100g,100,每100克可食部,
馒头（代表值）,,小麦,,100.0,223.0,7.0,1.1,47.0,138.0,107.0,0.0,38.0,个,100,1个馒头约100g,
馒头（标准粉）,,小麦,,100.0,236.0,7.8,1.0,49.8,129.0,136.0,0.0,18.0,个,100,1个馒头约100g,
烧饼（加糖）,,小麦,,100.0,298.0,8.0,2.1,62.7,122.0,105.0,0.0,51.0,100g,100,每100克可食部,
油饼,,小麦,,100.0,403.0,7.9,22.9,42.4,106.0,124.0,0.0,46.0,100g,100,每100克可食部,
油条,,小麦,,100.0,388.0,6.9,17.6,51.0,227.0,77.0,0.0,6.0,100g,100,每100克可食部,
花卷（加牛奶）,,小麦,,100.0,282.0,6.5,3.2,58.9,211.0,71.0,0.0,9.0,100g,100,每100克可食部,
馒头（富强粉）,,小麦,,100.0,235.0,7.1,1.3,50.9,146.0,43.0,0.0,58.0,个,100,1个馒头约100g,
水面筋,,小麦,,100.0,142.0,23.5,0.1,12.3,69.0,133.0,0.0,76.0,100g,100,每100克可食部,
油面筋,,小麦,,100.0,492.0,26.9,25.1,40.4,45.0,98.0,0.0,29.0,100g,100,每100克可食部,
面筋（肉馅）,,小麦,,100.0,364.0,16.2,33.2,0.1,167.0,224.0,0.0,113.0,100g,100,每100克可食部,
稻米（代表值）,,稻米,,100.0,346.0,7.9,0.9,77.2,112.0,112.0,0.0,8.0,碗,50,1小碗生米约50g,
粳米（标一）,,稻米,,100.0,345.0,7.7,0.6,77.4,97.0,121.0,0.0,11.0,100g,100,每100克可食部,
粳米（标二）,,稻米,,100.0,347.0,8.0,0.6,77.7,78.0,99.0,0.0,3.0,100g,100,每100克可食部,
粳米（标三）,,稻米,,100.0,346.0,7.2,0.8,77.6,78.0,108.0,0.0,5.0,100g,100,每100克可食部,
粳米（标四）,,稻米,,100.0,347.0,7.5,0.7,78.1,106.0,123.0,0.0,4.0,100g,100,每100克可食部,
粳米（特等）,,稻米,,100.0,335.0,7.3,0.4,75.7,58.0,80.0,0.0,24.0,100g,100,每100克可食部,
粳米（极品精米）,,稻米,,100.0,343.0,6.4,1.2,78.1,86.0,69.0,0.0,3.0,100g,100,每100克可食部,
粳米（西域王米）,,稻米,,100.0,353.0,7.5,1.8,77.0,119.0,66.0,0.0,5.0,100g,100,每100克可食部,
粳米（小站稻米）,,稻米,,100.0,346.0,6.9,0.7,79.2,111.0,82.0,0.0,3.0,100g,100,每100克可食部,
籼米（标一）,,稻米,,100.0,348.0,7.7,0.7,77.9,89.0,146.0,0.0,7.0,100g,100,每100克可食部,
籼米（标准）,机米,稻米,,100.0,349.0,7.9,0.6,78.3,109.0,112.0,0.0,12.0,100g,100,每100克可食部,
籼米（优标）,,稻米,,100.0,350.0,8.3,1.0,77.3,64.0,85.0,0.0,8.0,100g,100,每100克可食部,
早籼,,稻米,,64.0,361.0,9.9,2.2,76.2,214.0,257.0,0.0,13.0,100g,100,每100克可食部,
早籼（标一）,,稻米,,100.0,352.0,8.8,1.0,77.2,124.0,141.0,0.0,10.0,100g,100,每100克可食部,
早籼（标二）,,稻米,,100.0,346.0,9.5,1.0,75.1,171.0,192.0,0.0,6.0,100g,100,每100克可食部,
早籼（特等）,,稻米,,100.0,347.0,9.1,0.6,76.7,108.0,141.0,0.0,6.0,100g,100,每100克可食部,
晚籼（标一）,,稻米,,100.0,346.0,7.9,0.7,77.3,112.0,140.0,0.0,9.0,100g,100,每100克可食部,
晚籼（标二）,,稻米,,100.0,344.0,8.6,0.8,75.7,146.0,141.0,0.0,6.0,100g,100,每100克可食部,
晚籼（特等）,,稻米,,100.0,342.0,8.1,0.3,76.9,107.0,104.0,0.0,6.0,100g,100,每100克可食部,
籼稻谷（红）,,稻米,,64.0,348.0,7.0,2.0,76.4,220.0,0.0,0.0,0.0,100g,100,每100克可食部,
黑米,,稻米,,100.0,341.0,9.4,2.5,72.2,256.0,356.0,0.0,12.0,100g,100,每100克可食部,
香米,,稻米,,100.0,347.0,12.7,0.9,72.4,49.0,106.0,0.0,8.0,100g,100,每100克可食部,
籼米,,稻米,,100.0,340.0,7.5,1.1,78.0,109.0,112.0,0.0,12.0,100g,100,每100克可食部,
糙米,,稻米,,100.0,348.0,7.7,2.7,75.0,230.0,304.0,0.0,10.0,100g,100,每100克可食部,
糯米,江米,稻米,,100.0,350.0,7.3,1.0,78.3,137.0,113.0,0.0,26.0,100g,100,每100克可食部,
优糯米,,稻米,,100.0,345.0,9.0,1.0,75.3,136.0,48.0,0.0,8.0,100g,100,每100克可食部,
早糯谷,,稻米,,64.0,360.0,7.1,3.2,77.0,0.0,297.0,0.0,19.0,100g,100,每100克可食部,
紫红糯米,血糯米,稻米,,100.0,346.0,8.3,1.7,75.1,219.0,183.0,0.0,13.0,100g,100,每100克可食部,
粳糯米,,稻米,,100.0,344.0,7.9,0.8,76.7,125.0,94.0,0.0,21.0,100g,100,每100克可食部,
籼糯米,,稻米,,100.0,353.0,7.9,1.1,78.0,132.0,82.0,0.0,14.0,100g,100,每100克可食部,
米饭（蒸，代表值）,,稻米,,100.0,116.0,2.6,0.3,25.9,30.0,62.0,0.0,7.0,碗,150,1平碗熟米饭约150g,
粳米饭（蒸）,,稻米,,100.0,118.0,2.6,0.3,26.2,39.0,62.0,0.0,7.0,100g,100,每100克可食部,
粳米粥,,稻米,,100.0,46.0,1.1,0.3,9.9,13.0,20.0,0.0,7.0,100g,100,每100克可食部,
籼米粉,排米粉,稻米,,100.0,356.0,7.4,0.1,81.5,14.0,62.0,0.0,6.0,100g,100,每100克可食部,
籼米粉（干，细）,,稻米,,100.0,346.0,8.0,0.1,78.3,43.0,53.0,0.0,0.0,100g,100,每100克可食部,
高蛋白豆米粉（籼米）,,稻米,,100.0,414.0,16.5,7.1,71.0,0.0,0.0,0.0,0.0,100g,100,每100克可食部,
籼米饭（蒸）,,稻米,,100.0,117.0,3.0,0.4,26.4,21.0,0.0,0.0,6.0,100g,100,每100克可食部,
籼米粥,,稻米,,100.0,59.0,1.3,0.2,13.4,13.0,20.0,0.0,7.0,100g,100,每100克可食部,
米粉,,稻米,,100.0,349.0,0.4,0.8,85.8,19.0,45.0,0.0,11.0,100g,100,每100克可食部,
河粉,,稻米,,100.0,359.0,7.7,1.5,79.2,83.0,105.0,0.0,51.0,100g,100,每100克可食部,
玉米（鲜）,粟米,玉米,,46.0,112.0,4.0,1.2,22.8,238.0,117.0,0.0,0.0,100g,100,每100克可食部,
玉米（白，干）,,玉米,,100.0,352.0,8.8,3.8,74.7,262.0,244.0,0.0,10.0,100g,100,每100克可食部,
玉米（黄，干）,,玉米,,100.0,348.0,8.7,3.8,73.0,300.0,218.0,0.0,14.0,100g,100,每100克可食部,
玉米面（白）,,玉米,,100.0,352.0,8.0,4.5,73.1,276.0,187.0,0.0,12.0,100g,100,每100克可食部,
玉米面（强化豆粉）,,玉米,,100.0,352.0,11.8,4.9,68.3,370.0,234.0,0.0,18.0,100g,100,每100克可食部,
玉米粒（黄、干）,,玉米,,100.0,327.0,8.0,0.8,79.2,0.0,0.0,0.0,0.0,100g,100,每100克可食部,
玉米面（黄）,,玉米,,100.0,350.0,8.5,1.5,78.4,249.0,196.0,0.0,22.0,100g,100,每100克可食部,
玉米糁（黄）,,玉米,,100.0,326.0,7.4,1.2,78.7,177.0,143.0,0.0,49.0,100g,100,每100克可食部,
玉米笋（罐头）,,玉米,,100.0,16.0,1.1,0.2,4.9,36.0,4.0,0.0,6.0,100g,100,每100克可食部,
玉米面面条,,玉米,,100.0,350.0,6.6,0.3,80.5,0.0,0.0,0.0,0.0,100g,100,每100克可食部,
大麦,元麦,大麦,,100.0,327.0,10.2,1.4,73.3,49.0,381.0,0.0,66.0,100g,100,每100克可食部,
黑大麦,,大麦,,100.0,327.0,10.2,2.2,74.3,241.0,390.0,0.0,20.0,100g,100,每100克可食部,
肚里黄,,大麦,,100.0,337.0,8.8,1.2,76.7,223.0,436.0,0.0,3.0,100g,100,每100克可食部,
青稞,,大麦,,100.0,342.0,8.1,1.5,75.0,644.0,405.0,0.0,113.0,100g,100,每100克可食部,
小米,,小米、黄米,,100.0,361.0,9.0,3.1,75.1,284.0,229.0,0.0,41.0,100g,100,每100克可食部,
小米面,,小米、黄米,,100.0,357.0,7.2,2.1,77.7,129.0,159.0,0.0,40.0,100g,100,每100克可食部,
小米粥,,小米、黄米,,100.0,46.0,1.4,0.7,8.4,19.0,32.0,0.0,10.0,100g,100,每100克可食部,
小米（黄）,,小米、黄米,,100.0,364.0,8.9,3.0,77.7,335.0,158.0,0.0,8.0,100g,100,每100克可食部,
大黄米,黍子,小米、黄米,,100.0,356.0,13.6,2.7,71.1,201.0,244.0,0.0,30.0,100g,100,每100克可食部,
黄米,,小米、黄米,,100.0,351.0,9.7,1.5,76.9,0.0,0.0,0.0,0.0,100g,100,每100克可食部,
高粱米,,谷类其他,,100.0,360.0,10.4,3.1,74.7,281.0,329.0,0.0,22.0,100g,100,每100克可食部,
糜子（带皮）,,谷类其他,,100.0,336.0,10.6,0.6,75.1,148.0,205.0,0.0,99.0,100g,100,每100克可食部,
糜子米（炒米）,,谷类其他,,100.0,376.0,8.1,2.6,80.5,252.0,233.0,0.0,12.0,100g,100,每100克可食部,
苦荞麦粉,,谷类其他,,100.0,316.0,9.7,2.7,66.0,320.0,244.0,0.0,39.0,100g,100,每100克可食部,
荞麦,,谷类其他,,100.0,337.0,9.3,2.3,73.0,401.0,297.0,0.0,47.0,100g,100,每100克可食部,
荞麦（带皮）,,谷类其他,,98.0,319.0,9.5,1.7,73.0,439.0,296.0,0.0,154.0,100g,100,每100克可食部,
薏米,薏仁米;苡米,谷类其他,,100.0,361.0,12.8,3.3,71.1,238.0,217.0,0.0,42.0,100g,100,每100克可食部,
薏米面,,谷类其他,,100.0,351.0,11.3,2.4,73.5,163.0,134.0,0.0,42.0,100g,100,每100克可食部,
荞麦面,,谷类其他,,100.0,340.0,11.3,2.8,70.2,304.0,243.0,0.0,71.0,100g,100,每100克可食部,
莜麦面,,谷类其他,,100.0,391.0,13.7,8.6,67.7,255.0,259.0,0.0,40.0,100g,100,每100克可食部,
燕麦,,谷类其他,,100.0,338.0,10.1,0.2,77.4,356.0,342.0,0.0,58.0,100g,100,每100克可食部,
藜麦（散装）,,谷类其他,,100.0,357.0,14.0,6.0,57.8,362.0,0.0,0.0,25.0,100g,100,每100克可食部,
马铃薯,土豆;洋芋;薯仔,薯类,,94.0,81.0,2.6,0.2,17.8,347.0,46.0,0.0,7.0,100g,100,每100克可食部,
马铃薯丁（脱水）,,薯类,,100.0,344.0,5.7,0.5,80.7,267.0,87.0,0.0,39.0,100g,100,每100克可食部,
马铃薯粉,,薯类,,100.0,340.0,7.2,0.5,77.4,1075.0,123.0,0.0,171.0,100g,100,每100克可食部,
马铃薯（烤）,,薯类,,100.0,70.0,1.8,0.1,16.4,357.0,60.0,0.0,2.0,100g,100,每100克可食部,
马铃薯（蒸）,,薯类,,100.0,69.0,3.0,0.0,15.3,484.0,67.0,0.0,4.0,100g,100,每100克可食部,
马铃薯（煮）,,薯类,,100.0,65.0,3.2,0.0,14.2,480.0,64.0,0.0,4.0,100g,100,每100克可食部,
马铃薯全粉,,薯类,,100.0,362.0,8.4,0.5,82.7,980.0,170.0,0.0,35.0,100g,100,每100克可食部,
甘薯（白心）,红皮山芋,薯类,,86.0,106.0,1.4,0.2,25.2,174.0,46.0,0.0,24.0,100g,100,每100克可食部,
甘薯片,白薯干,薯类,,100.0,344.0,4.7,0.8,80.5,353.0,115.0,0.0,112.0,100g,100,每100克可食部,
甘薯粉,地瓜粉,薯类,,100.0,336.0,2.7,0.2,80.9,66.0,12.0,0.0,33.0,100g,100,每100克可食部,
甘薯（红心）,山芋;红薯,薯类,,90.0,61.0,0.7,0.2,80.9,88.0,26.0,0.0,18.0,100g,100,每100克可食部,
木薯,,薯类,,99.0,119.0,2.1,0.3,27.8,764.0,50.0,0.0,88.0,100g,100,每100克可食部,
蚕豆淀粉,,淀粉类,,100.0,342.0,0.5,0.0,85.3,10.0,29.0,0.0,36.0,100g,100,每100克可食部,
豌豆淀粉,,淀粉类,,100.0,342.0,0.6,0.0,85.0,93.0,10.0,0.0,4.0,100g,100,每100克可食部,
玉米淀粉,,淀粉类,,100.0,346.0,1.2,0.1,85.0,8.0,25.0,0.0,18.0,100g,100,每100克可食部,
团粉,芡粉,淀粉类,,100.0,348.0,1.5,0.0,85.8,16.0,25.0,0.0,34.0,100g,100,每100克可食部,
藕粉,,淀粉类,,100.0,373.0,0.2,0.0,93.0,35.0,9.0,0.0,8.0,100g,100,每100克可食部,
桂花藕粉,,淀粉类,,100.0,344.0,0.4,0.1,85.3,14.0,13.0,0.0,36.0,100g,100,每100克可食部,
魔芋精粉,鬼芋粉;南星粉,淀粉类,,100.0,186.0,4.6,0.1,78.8,299.0,272.0,0.0,45.0,100g,100,每100克可食部,
淀粉（小麦）,,淀粉类,,100.0,351.0,0.2,0.5,86.0,8.0,33.0,0.0,14.0,100g,100,每100克可食部,
淀粉（大米）,,淀粉类,,100.0,366.0,0.2,0.7,89.3,2.0,20.0,0.0,29.0,100g,100,每100克可食部,
淀粉（马铃薯）,,淀粉类,,100.0,332.0,0.1,0.1,82.0,32.0,40.0,0.0,22.0,100g,100,每100克可食部,
淀粉（甘薯）,,淀粉类,,100.0,342.0,0.1,0.2,84.4,7.0,14.0,0.0,62.0,100g,100,每100克可食部,
煎炸粉,,淀粉类,,100.0,331.0,12.1,1.4,73.6,299.0,102.0,0.0,11.0,100g,100,每100克可食部,
粉丝,,淀粉类,,100.0,338.0,0.8,0.2,83.7,18.0,16.0,0.0,31.0,100g,100,每100克可食部,
豌豆粉丝,,淀粉类,,100.0,368.0,0.4,0.0,91.7,6.0,9.0,0.0,10.0,100g,100,每100克可食部,
粉条,,淀粉类,,100.0,338.0,0.5,0.1,84.2,18.0,23.0,0.0,35.0,100g,100,每100克可食部,
黄豆,大豆,大豆,,100.0,390.0,35.0,16.0,34.2,1503.0,465.0,0.0,191.0,100g,100,每100克可食部,
黑豆（干）,黑大豆,大豆,,100.0,401.0,36.0,15.9,33.6,1377.0,500.0,0.0,224.0,100g,100,每100克可食部,
青豆（干）,青大豆,大豆,,100.0,398.0,34.5,16.0,35.4,718.0,395.0,0.0,200.0,100g,100,每100克可食部,
黄豆粉,,大豆,,100.0,432.0,32.7,18.3,37.6,1890.0,395.0,0.0,207.0,100g,100,每100克可食部,
豆腐花,豆腐粉,大豆,,100.0,401.0,10.0,2.6,84.3,339.0,95.0,0.0,175.0,100g,100,每100克可食部,
豆浆粉,,大豆,,100.0,426.0,19.7,9.4,66.8,771.0,253.0,0.0,101.0,100g,100,每100克可食部,
豆粕,,大豆,,100.0,325.0,42.5,2.1,37.9,1391.0,28.0,0.0,154.0,100g,100,每100克可食部,
豆粕（膨化）,大豆蛋白,大豆,,100.0,333.0,36.6,0.7,48.0,950.0,161.0,0.0,144.0,100g,100,每100克可食部,
豆奶粉（维维牌）,,大豆,,100.0,421.0,19.4,9.4,65.2,571.0,393.0,0.0,635.0,100g,100,每100克可食部,
豆奶粉（多力牌）,,大豆,,100.0,405.0,12.3,6.5,76.4,540.0,241.0,0.0,268.0,100g,100,每100克可食部,
豆奶粉（大磨牌）,,大豆,,100.0,432.0,27.4,13.0,51.6,720.0,486.0,0.0,281.0,100g,100,每100克可食部,
豆腐（代表值）,,大豆,,100.0,84.0,6.6,5.3,3.4,154.0,76.0,0.0,113.0,100g,100,每100克可食部,
豆腐（内酯）,,大豆,,100.0,50.0,5.0,1.9,3.3,95.0,57.0,0.0,17.0,100g,100,每100克可食部,
豆腐脑,老豆腐,大豆,,100.0,15.0,1.9,0.8,0.0,107.0,5.0,0.0,18.0,100g,100,每100克可食部,
豆腐（北豆腐）,,大豆,,100.0,116.0,9.2,8.1,3.0,106.0,112.0,0.0,105.0,100g,100,每100克可食部,
豆腐（南豆腐）,,大豆,,100.0,87.0,5.7,5.8,3.9,154.0,76.0,0.0,113.0,100g,100,每100克可食部,
豆奶,豆乳,大豆,,100.0,30.0,2.4,1.5,1.8,92.0,35.0,0.0,23.0,100g,100,每100克可食部,
豆汁（生）,,大豆,,100.0,10.0,0.9,0.1,1.4,47.0,21.0,0.0,8.0,100g,100,每100克可食部,
酸豆奶,,大豆,,100.0,67.0,2.2,1.2,11.8,70.0,22.0,0.0,32.0,100g,100,每100克可食部,
豆浆,,大豆,,100.0,31.0,3.0,1.6,1.2,117.0,42.0,0.0,5.0,100g,100,每100克可食部,
豆浆（甜）,,大豆,,100.0,34.0,2.4,0.5,4.9,54.0,21.0,0.0,27.0,100g,100,每100克可食部,
豆腐丝,,大豆,,100.0,203.0,21.5,10.5,6.2,74.0,220.0,0.0,204.0,100g,100,每100克可食部,
豆腐丝（干）,,大豆,,100.0,451.0,57.7,22.8,3.7,7.0,74.0,0.0,5.0,100g,100,每100克可食部,
豆腐丝（油）,,大豆,,100.0,304.0,24.2,17.1,14.5,208.0,423.0,0.0,152.0,100g,100,每100克可食部,
豆腐卷,,大豆,,100.0,203.0,17.9,11.6,7.2,82.0,288.0,0.0,156.0,100g,100,每100克可食部,
油豆腐,,大豆,,100.0,245.0,17.0,17.6,4.9,158.0,238.0,0.0,147.0,100g,100,每100克可食部,
腐竹,,大豆,,100.0,461.0,44.6,21.7,22.3,553.0,284.0,0.0,77.0,100g,100,每100克可食部,
枝竹,,大豆,,100.0,478.0,44.4,24.7,20.8,837.0,490.0,0.0,49.0,100g,100,每100克可食部,
千张,百页,大豆,,100.0,262.0,24.5,16.0,5.5,94.0,309.0,0.0,313.0,100g,100,每100克可食部,
豆腐干（代表值）,,大豆,,100.0,197.0,14.9,11.3,9.6,137.0,174.0,0.0,447.0,100g,100,每100克可食部,
豆腐干（菜干）,,大豆,,100.0,137.0,13.4,7.1,5.0,70.0,79.0,0.0,179.0,100g,100,每100克可食部,
豆腐干（臭干）,,大豆,,100.0,99.0,10.2,4.6,4.5,136.0,166.0,0.0,720.0,100g,100,每100克可食部,
豆腐干（酱油干）,,大豆,,100.0,157.0,14.9,9.1,4.0,130.0,188.0,0.0,413.0,100g,100,每100克可食部,
豆腐干（卤干）,,大豆,,100.0,339.0,14.5,16.7,33.4,134.0,162.0,0.0,731.0,100g,100,每100克可食部,
豆腐干（蒲包干）,,大豆,,100.0,135.0,12.1,5.7,8.9,236.0,57.0,0.0,134.0,100g,100,每100克可食部,
豆腐干（香干）,,大豆,,100.0,152.0,15.8,7.8,5.1,99.0,219.0,0.0,299.0,100g,100,每100克可食部,
豆腐干（小香干）,,大豆,,100.0,174.0,17.9,9.1,5.4,141.0,177.0,0.0,1019.0,100g,100,每100克可食部,
豆腐干（熏干）,,大豆,,100.0,154.0,15.8,6.2,8.8,136.0,109.0,0.0,173.0,100g,100,每100克可食部,
豆肝尖,,大豆,,100.0,203.0,17.2,12.0,9.4,24.0,209.0,0.0,5.0,100g,100,每100克可食部,
素大肠,,大豆,,100.0,155.0,18.1,3.6,13.0,179.0,249.0,0.0,445.0,100g,100,每100克可食部,
素火腿,,大豆,,100.0,213.0,19.1,13.2,4.8,24.0,115.0,0.0,8.0,100g,100,每100克可食部,
素鸡,,大豆,,100.0,194.0,16.5,12.5,4.2,42.0,180.0,0.0,319.0,100g,100,每100克可食部,
素鸡丝卷,,大豆,,100.0,197.0,11.2,13.7,10.1,56.0,261.0,0.0,103.0,100g,100,每100克可食部,
素什锦,,大豆,,100.0,177.0,14.0,10.2,8.3,143.0,186.0,0.0,174.0,100g,100,每100克可食部,
炸素虾,,大豆,,100.0,582.0,27.6,44.4,19.3,211.0,245.0,0.0,251.0,100g,100,每100克可食部,
烤麸,,大豆,,100.0,121.0,20.4,0.3,9.3,25.0,72.0,0.0,30.0,100g,100,每100克可食部,
豆腐皮,,大豆,,100.0,447.0,51.6,23.0,12.5,877.0,494.0,0.0,239.0,100g,100,每100克可食部,
豆腐干,,大豆,,100.0,427.0,19.6,35.2,11.4,153.0,408.0,0.0,352.0,100g,100,每100克可食部,
绿豆（干）,,绿豆,,100.0,329.0,21.6,0.8,62.0,787.0,337.0,0.0,81.0,100g,100,每100克可食部,
绿豆面,,绿豆,,100.0,341.0,20.8,0.7,65.8,1055.0,304.0,0.0,134.0,100g,100,每100克可食部,
绿豆饼,,绿豆,,100.0,122.0,15.2,1.2,12.7,16.0,25.0,0.0,18.0,100g,100,每100克可食部,
赤小豆（干）,小豆;红小豆,赤豆,,100.0,324.0,20.2,0.6,63.4,860.0,305.0,0.0,74.0,100g,100,每100克可食部,
小豆粥,,赤豆,,100.0,62.0,1.2,0.4,13.7,45.0,14.0,0.0,13.0,100g,100,每100克可食部,
豆沙,,赤豆,,100.0,247.0,5.5,1.9,52.7,139.0,68.0,0.0,42.0,100g,100,每100克可食部,
红豆沙（去皮）,,赤豆,,100.0,244.0,4.5,0.1,57.1,21.0,65.0,0.0,19.0,100g,100,每100克可食部,
红豆馅,,赤豆,,100.0,261.0,4.5,0.2,61.7,59.0,90.0,0.0,16.0,100g,100,每100克可食部,
"花豆（干,红）",,芸豆,,100.0,328.0,19.1,1.3,62.7,358.0,48.0,0.0,38.0,100g,100,每100克可食部,
"花豆（干,紫）",,芸豆,,97.0,330.0,17.2,1.4,65.8,641.0,169.0,0.0,221.0,100g,100,每100克可食部,
"芸豆（干,白）",,芸豆,,100.0,315.0,23.4,1.4,57.2,0.0,0.0,0.0,0.0,100g,100,每100克可食部,
"芸豆（干,红）",,芸豆,,100.0,331.0,21.4,1.3,62.5,1215.0,218.0,0.0,176.0,100g,100,每100克可食部,
"芸豆（干,虎皮）",,芸豆,,100.0,341.0,22.5,0.9,62.5,809.0,66.0,0.0,156.0,100g,100,每100克可食部,
"芸豆（干,杂，带皮）",,芸豆,,100.0,327.0,22.4,0.6,63.3,1058.0,386.0,0.0,349.0,100g,100,每100克可食部,
蚕豆（干）,,蚕豆,,100.0,338.0,21.6,1.0,61.5,1117.0,418.0,0.0,31.0,100g,100,每100克可食部,
蚕豆（干，带皮）,,蚕豆,,93.0,326.0,24.6,1.1,59.9,992.0,339.0,0.0,49.0,100g,100,每100克可食部,
蚕豆（去皮）,,蚕豆,,100.0,347.0,25.4,1.6,58.9,801.0,181.0,0.0,54.0,100g,100,每100克可食部,
马牙大豆（干）,,蚕豆,,100.0,338.0,27.2,0.9,59.4,181.0,510.0,0.0,7.0,100g,100,每100克可食部,
脑豆（干）,,蚕豆,,100.0,363.0,23.4,3.8,59.6,686.0,354.0,0.0,327.0,100g,100,每100克可食部,
蚕豆（烤）,,蚕豆,,100.0,377.0,27.0,2.0,63.8,1083.0,454.0,0.0,229.0,100g,100,每100克可食部,
蚕豆（炸）,开花豆,蚕豆,,100.0,447.0,26.7,20.0,40.4,742.0,330.0,0.0,207.0,100g,100,每100克可食部,
蚕豆（煮）,,蚕豆,,100.0,62.0,4.8,0.5,10.1,193.0,73.0,0.0,18.0,100g,100,每100克可食部,
扁豆（干）,,干豆类其他,,100.0,339.0,25.3,0.4,61.9,439.0,218.0,0.0,137.0,100g,100,每100克可食部,
"扁豆（干,白）",,干豆类其他,,100.0,283.0,19.0,1.3,55.6,1070.0,340.0,0.0,68.0,100g,100,每100克可食部,
眉豆（干）,饭豇豆,干豆类其他,,100.0,334.0,18.6,1.1,65.6,525.0,310.0,0.0,60.0,100g,100,每100克可食部,
豇豆（干）,,干豆类其他,,100.0,336.0,19.3,1.2,65.6,737.0,344.0,0.0,40.0,100g,100,每100克可食部,
"豇豆（干,紫）",,干豆类其他,,100.0,329.0,18.9,0.4,65.8,500.0,345.0,0.0,67.0,100g,100,每100克可食部,
豇豆（煮）,,干豆类其他,,100.0,133.0,9.5,0.6,24.0,400.0,87.0,0.0,29.0,100g,100,每100克可食部,
豌豆（干）,,干豆类其他,,100.0,334.0,20.3,1.1,65.8,823.0,259.0,0.0,97.0,100g,100,每100克可食部,
豌豆（花）,,干豆类其他,,100.0,336.0,21.6,1.0,63.6,736.0,218.0,0.0,106.0,100g,100,每100克可食部,
豌豆（煮）,,干豆类其他,,100.0,107.0,8.9,0.3,19.2,230.0,129.0,0.0,29.0,100g,100,每100克可食部,
鹰嘴豆,桃豆,干豆类其他,,100.0,340.0,21.2,4.2,60.1,830.0,450.0,0.0,150.0,100g,100,每100克可食部,
荆豆（干）,,干豆类其他,,100.0,407.0,43.6,14.3,28.5,0.0,785.0,0.0,207.0,100g,100,每100克可食部,
木豆（干）,扭豆;豆蓉,干豆类其他,,100.0,348.0,19.8,4.5,58.8,0.0,528.0,0.0,231.0,100g,100,每100克可食部,
白萝卜（鲜）,莱菔,根菜类,,95.0,16.0,0.7,0.1,4.0,167.0,16.0,0.0,47.0,100g,100,每100克可食部,
汴萝卜,红皮萝卜,根菜类,,96.0,18.0,0.8,0.1,4.2,16.0,27.0,0.0,39.0,100g,100,每100克可食部,
红旦旦萝卜,樱桃萝卜;小水萝卜,根菜类,,95.0,19.0,0.8,0.0,4.3,63.0,43.0,0.0,9.0,100g,100,每100克可食部,
红萝卜,汴萝卜,根菜类,,97.0,22.0,1.0,0.1,4.6,110.0,26.0,0.0,11.0,100g,100,每100克可食部,
红心萝卜,心里美,根菜类,,94.0,41.0,1.2,0.0,9.8,385.0,30.0,0.0,86.0,100g,100,每100克可食部,
花叶萝卜,,根菜类,,85.0,48.0,1.2,0.1,11.5,104.0,25.0,0.0,16.0,100g,100,每100克可食部,
水萝卜,脆萝卜,根菜类,,93.0,22.0,0.8,0.0,5.5,0.0,0.0,0.0,0.0,100g,100,每100克可食部,
小水萝卜,算盘子;红皮萝卜,根菜类,,66.0,21.0,1.1,0.2,4.2,286.0,21.0,0.0,32.0,100g,100,每100克可食部,
心里美萝卜,,根菜类,,88.0,23.0,0.8,0.2,4.9,116.0,24.0,0.0,68.0,100g,100,每100克可食部,
白萝卜（圆）,,根菜类,,94.0,16.0,0.7,0.2,3.6,14.0,31.0,0.0,25.0,100g,100,每100克可食部,
青萝卜,,根菜类,,95.0,33.0,1.3,0.2,6.8,248.0,31.0,69.9,47.0,100g,100,每100克可食部,
樱桃萝卜,,根菜类,,46.0,12.0,0.9,0.1,3.0,202.0,23.0,0.0,18.0,100g,100,每100克可食部,
胡萝卜（红）,金笋;丁香萝卜,根菜类,,96.0,39.0,1.0,0.2,8.8,190.0,27.0,0.0,32.0,100g,100,每100克可食部,
胡萝卜（黄）,,根菜类,,97.0,46.0,1.4,0.2,10.2,193.0,16.0,0.0,32.0,100g,100,每100克可食部,
胡萝卜（脱水）,,根菜类,,100.0,333.0,4.2,1.9,77.9,1117.0,118.0,0.0,458.0,100g,100,每100克可食部,
胡萝卜,红萝卜,根菜类,,97.0,32.0,1.0,0.2,8.1,119.0,38.0,0.0,27.0,100g,100,每100克可食部,
芥菜头,大头菜;水芥,根菜类,,83.0,36.0,1.9,0.2,7.4,243.0,36.0,0.0,65.0,100g,100,每100克可食部,
苤蓝,玉蔓菁;球茎甘蓝;大头菜,根菜类,,78.0,32.0,1.3,0.2,7.0,190.0,46.0,0.0,25.0,100g,100,每100克可食部,
甜菜根（鲜）,甜菜头;糖萝卜,根菜类,,90.0,87.0,1.0,0.1,23.5,254.0,18.0,0.0,56.0,100g,100,每100克可食部,
根芹,根洋芹;球根塘蒿,根菜类,,67.0,38.0,2.2,0.1,10.0,441.0,166.0,0.0,79.0,100g,100,每100克可食部,
紫菜头,,根菜类,,89.0,42.0,1.8,0.2,10.6,26.0,32.0,0.0,16.0,100g,100,每100克可食部,
扁豆,月亮菜,鲜豆类,,91.0,41.0,2.7,0.2,8.2,178.0,54.0,0.0,38.0,100g,100,每100克可食部,
蚕豆（鲜）,,鲜豆类,,31.0,111.0,8.8,0.4,19.5,391.0,200.0,0.0,16.0,100g,100,每100克可食部,
刀豆（鲜）,,鲜豆类,,92.0,40.0,3.1,0.3,7.0,209.0,57.0,0.0,49.0,100g,100,每100克可食部,
豆角,,鲜豆类,,96.0,34.0,2.5,0.2,6.7,207.0,55.0,0.0,29.0,100g,100,每100克可食部,
"豆角（鲜,白）",,鲜豆类,,97.0,35.0,2.2,0.2,7.4,192.0,40.0,0.0,26.0,100g,100,每100克可食部,
荷兰豆,,鲜豆类,,88.0,30.0,2.5,0.3,4.9,116.0,19.0,0.0,51.0,100g,100,每100克可食部,
龙豆（鲜）,,鲜豆类,,98.0,36.0,3.7,0.5,5.0,142.0,54.0,0.0,147.0,100g,100,每100克可食部,
龙牙豆（鲜）,玉豆,鲜豆类,,93.0,19.0,2.6,0.2,2.4,200.0,38.0,0.0,30.0,100g,100,每100克可食部,
毛豆（鲜）,青豆;菜用大豆,鲜豆类,,53.0,131.0,13.1,5.0,10.5,478.0,188.0,0.0,135.0,100g,100,每100克可食部,
四季豆（菜豆）,,鲜豆类,,96.0,31.0,2.0,0.4,5.7,123.0,51.0,0.0,42.0,100g,100,每100克可食部,
豌豆（带荚，鲜）,回回豆,鲜豆类,,42.0,111.0,7.4,0.3,21.2,332.0,127.0,0.0,21.0,100g,100,每100克可食部,
豌豆尖,,鲜豆类,,100.0,225.0,3.1,0.0,53.9,160.0,65.0,0.0,17.0,100g,100,每100克可食部,
油豆角（鲜）,多花菜豆,鲜豆类,,99.0,25.0,2.4,0.3,3.9,240.0,56.0,0.0,69.0,100g,100,每100克可食部,
垅船豆（鲜）,,鲜豆类,,82.0,36.0,2.0,0.4,6.8,192.0,0.0,0.0,37.0,100g,100,每100克可食部,
芸豆（鲜）,,鲜豆类,,96.0,30.0,0.8,0.1,7.4,112.0,37.0,0.0,88.0,100g,100,每100克可食部,
豇豆（长）,,鲜豆类,,98.0,32.0,2.7,0.2,5.8,145.0,50.0,0.0,42.0,100g,100,每100克可食部,
豇豆,,鲜豆类,,97.0,32.0,2.2,0.3,7.3,171.0,55.0,0.0,62.0,100g,100,每100克可食部,
四季豆,菜豆;芸豆,鲜豆类,,96.0,24.0,2.0,0.2,6.0,196.0,47.0,0.0,43.0,100g,100,每100克可食部,
四棱豆,杨桃豆;翅豆,鲜豆类,,96.0,19.0,2.0,0.2,4.2,160.0,29.0,0.0,61.0,100g,100,每100克可食部,
甜脆荷兰豆,甜豆,鲜豆类,,100.0,32.0,3.0,0.3,8.1,18.0,59.0,0.0,65.0,100g,100,每100克可食部,
发芽豆,,鲜豆类,,83.0,131.0,12.4,0.7,19.4,179.0,134.0,0.0,41.0,100g,100,每100克可食部,
黄豆芽,,鲜豆类,,100.0,47.0,4.5,1.6,4.5,160.0,74.0,0.0,21.0,100g,100,每100克可食部,
绿豆芽,,鲜豆类,,100.0,16.0,1.7,0.1,2.6,32.0,19.0,0.0,14.0,100g,100,每100克可食部,
黑豆苗,,鲜豆类,,100.0,30.0,4.4,0.8,2.6,119.0,55.0,0.0,58.0,100g,100,每100克可食部,
豌豆苗,,鲜豆类,,100.0,32.0,4.8,0.8,2.6,145.0,60.0,0.0,15.0,100g,100,每100克可食部,
茄子（代表值）,矮瓜,茄果、瓜菜类,,93.0,23.0,1.1,0.2,4.9,142.0,23.0,0.0,24.0,100g,100,每100克可食部,
茄子（绿皮）,,茄果、瓜菜类,,90.0,28.0,1.0,0.6,5.2,162.0,26.0,0.0,12.0,100g,100,每100克可食部,
茄子（圆）,,茄果、瓜菜类,,95.0,32.0,1.6,0.2,6.7,112.0,19.0,0.0,5.0,100g,100,每100克可食部,
番茄（整个，罐头）,,茄果、瓜菜类,,100.0,22.0,2.0,0.6,2.6,197.0,22.0,0.0,31.0,100g,100,每100克可食部,
奶柿子,,茄果、瓜菜类,,100.0,14.0,0.6,0.1,3.2,163.0,21.0,0.0,15.0,100g,100,每100克可食部,
辣椒（红，尖，干）,,茄果、瓜菜类,,88.0,295.0,15.0,12.0,52.7,1085.0,298.0,0.0,12.0,100g,100,每100克可食部,
辣椒（红，小）,,茄果、瓜菜类,,80.0,38.0,1.3,0.4,8.9,222.0,95.0,0.0,37.0,100g,100,每100克可食部,
甜椒（脱水）,,茄果、瓜菜类,,100.0,324.0,7.6,0.4,76.6,1443.0,106.0,0.0,130.0,100g,100,每100克可食部,
葫子,,茄果、瓜菜类,,85.0,29.0,0.7,0.1,6.8,73.0,27.0,0.0,49.0,100g,100,每100克可食部,
茄子（白皮，长）,,茄果、瓜菜类,,97.0,21.0,1.3,0.1,5.5,238.0,30.0,0.0,10.0,100g,100,每100克可食部,
茄子（紫皮，长）,,茄果、瓜菜类,,95.0,18.0,1.1,0.1,4.8,147.0,21.0,0.0,50.0,100g,100,每100克可食部,
茄子（紫皮，圆）,,茄果、瓜菜类,,98.0,23.0,0.8,0.2,5.3,153.0,15.0,0.0,7.0,100g,100,每100克可食部,
香瓜茄,,茄果、瓜菜类,,96.0,21.0,0.6,0.0,5.5,17.0,12.0,0.0,10.0,100g,100,每100克可食部,
番茄,西红柿,茄果、瓜菜类,,97.0,15.0,0.9,0.2,3.3,179.0,24.0,0.0,4.0,100g,100,每100克可食部,
樱桃番茄,小西红柿,茄果、瓜菜类,,98.0,25.0,1.0,0.2,5.8,262.0,26.0,0.0,6.0,100g,100,每100克可食部,
辣椒（小红尖辣椒）,,茄果、瓜菜类,,89.0,62.0,4.1,0.4,17.7,18.0,115.0,0.0,29.0,100g,100,每100克可食部,
"辣椒（小红尖辣椒,干）",,茄果、瓜菜类,,88.0,298.0,15.4,12.0,57.4,991.0,300.0,0.0,152.0,100g,100,每100克可食部,
辣椒（青，尖）,,茄果、瓜菜类,,91.0,22.0,0.8,0.3,5.2,154.0,20.0,0.0,11.0,100g,100,每100克可食部,
甜椒,灯笼椒;柿子椒,茄果、瓜菜类,,82.0,18.0,1.0,0.2,3.8,0.0,0.0,0.0,0.0,100g,100,每100克可食部,
彩椒,,茄果、瓜菜类,,83.0,26.0,1.3,0.2,6.4,278.0,26.0,0.0,9.0,100g,100,每100克可食部,
秋葵,黄秋葵;羊角豆,茄果、瓜菜类,,98.0,25.0,1.8,0.2,6.2,19.0,14.0,0.0,101.0,100g,100,每100克可食部,
白瓜,,茄果、瓜菜类,,83.0,12.0,0.9,0.0,2.6,70.0,11.0,0.0,6.0,100g,100,每100克可食部,
菜瓜,生瓜;白瓜,茄果、瓜菜类,,88.0,19.0,0.6,0.2,3.9,136.0,14.0,0.0,20.0,100g,100,每100克可食部,
方瓜,,茄果、瓜菜类,,82.0,14.0,0.8,0.0,3.1,4.0,13.0,0.0,40.0,100g,100,每100克可食部,
佛手瓜,棒瓜;菜肴梨,茄果、瓜菜类,,100.0,18.0,1.2,0.1,3.8,76.0,18.0,0.0,17.0,100g,100,每100克可食部,
葫芦,长瓜;蒲瓜;瓠瓜,茄果、瓜菜类,,87.0,16.0,0.7,0.1,3.5,87.0,15.0,0.0,16.0,100g,100,每100克可食部,
葫芦条（干）,,茄果、瓜菜类,,100.0,256.0,4.3,1.8,64.6,480.0,187.0,0.0,114.0,100g,100,每100克可食部,
黄瓜（鲜）,胡瓜;青瓜,茄果、瓜菜类,,92.0,16.0,0.8,0.2,2.9,102.0,24.0,0.0,24.0,100g,100,每100克可食部,
节瓜,毛瓜,茄果、瓜菜类,,92.0,14.0,0.6,0.1,3.4,40.0,13.0,0.0,4.0,100g,100,每100克可食部,
金瓜,,茄果、瓜菜类,,82.0,15.0,0.5,0.1,3.4,152.0,10.0,0.0,17.0,100g,100,每100克可食部,
金丝瓜,裸瓣瓜,茄果、瓜菜类,,80.0,38.0,3.3,2.0,2.2,90.0,28.0,0.0,25.0,100g,100,每100克可食部,
苦瓜（鲜）,凉瓜;癞瓜,茄果、瓜菜类,,81.0,22.0,1.0,0.1,4.9,256.0,35.0,0.0,14.0,100g,100,每100克可食部,
南瓜（鲜）,倭瓜;番瓜,茄果、瓜菜类,,85.0,23.0,0.7,0.1,5.3,145.0,24.0,0.0,16.0,100g,100,每100克可食部,
南瓜粉,,茄果、瓜菜类,,100.0,343.0,7.1,2.1,79.6,411.0,307.0,0.0,171.0,100g,100,每100克可食部,
蛇瓜,蛇豆;大豆角,茄果、瓜菜类,,89.0,18.0,1.5,0.1,3.9,763.0,14.0,0.0,191.0,100g,100,每100克可食部,
笋瓜,生瓜,茄果、瓜菜类,,91.0,13.0,0.5,0.0,3.1,96.0,27.0,0.0,14.0,100g,100,每100克可食部,
西葫芦,,茄果、瓜菜类,,73.0,19.0,0.8,0.2,3.8,92.0,17.0,0.0,15.0,100g,100,每100克可食部,
面西胡瓜,,茄果、瓜菜类,,88.0,10.0,0.8,0.0,1.8,70.0,3.0,0.0,14.0,100g,100,每100克可食部,
小西胡瓜,,茄果、瓜菜类,,79.0,22.0,0.7,0.1,4.8,18.0,6.0,0.0,5.0,100g,100,每100克可食部,
冬瓜,,茄果、瓜菜类,,80.0,12.0,0.3,0.2,2.4,57.0,11.0,0.0,12.0,100g,100,每100克可食部,
飞碟瓜,,茄果、瓜菜类,,91.0,18.0,1.0,0.1,4.4,119.0,29.0,0.0,32.0,100g,100,每100克可食部,
黄金西葫芦,,茄果、瓜菜类,,91.0,17.0,1.8,0.1,3.6,20.0,47.0,0.0,33.0,100g,100,每100克可食部,
黄茎瓜,小南瓜,茄果、瓜菜类,,100.0,19.0,1.2,0.9,2.0,0.0,17.0,0.0,0.0,100g,100,每100克可食部,
迷你黄瓜,荷兰乳黄瓜,茄果、瓜菜类,,92.0,14.0,1.0,0.2,2.5,173.0,21.0,0.0,20.0,100g,100,每100克可食部,
秋黄瓜,旱黄瓜,茄果、瓜菜类,,92.0,14.0,0.9,0.2,2.5,141.0,23.0,0.0,9.0,100g,100,每100克可食部,
南瓜（栗面）,,茄果、瓜菜类,,74.0,36.0,1.4,0.1,8.8,445.0,56.0,0.0,16.0,100g,100,每100克可食部,
丝瓜,胜瓜,茄果、瓜菜类,,83.0,20.0,1.3,0.2,4.0,121.0,33.0,0.0,37.0,100g,100,每100克可食部,
大蒜（白皮，鲜）,蒜头,葱蒜类,,85.0,128.0,4.5,0.2,27.6,302.0,117.0,0.0,39.0,100g,100,每100克可食部,
大蒜（脱水）,,葱蒜类,,100.0,348.0,13.2,0.3,75.4,798.0,297.0,0.0,65.0,100g,100,每100克可食部,
大蒜（紫皮，鲜）,蒜头,葱蒜类,,89.0,139.0,5.2,0.2,29.6,437.0,129.0,0.0,10.0,100g,100,每100克可食部,
青蒜（青葱）,,葱蒜类,,84.0,34.0,2.4,0.3,6.2,168.0,25.0,0.0,24.0,100g,100,每100克可食部,
蒜黄（黄色）,,葱蒜类,,97.0,24.0,2.5,0.2,3.8,168.0,58.0,0.0,24.0,100g,100,每100克可食部,
蒜苗（绿色，青葱）,,葱蒜类,,82.0,40.0,2.1,0.4,8.0,226.0,44.0,0.0,29.0,100g,100,每100克可食部,
蒜薹（圆）,,葱蒜类,,90.0,66.0,2.0,0.1,15.4,161.0,52.0,0.0,19.0,100g,100,每100克可食部,
大葱（红皮）,,葱蒜类,,68.0,49.0,2.4,0.1,10.2,329.0,53.0,0.0,24.0,100g,100,每100克可食部,
分葱,四季葱;菜葱,葱蒜类,,0.0,34.0,2.2,0.7,5.1,226.0,32.0,0.0,85.0,100g,100,每100克可食部,
葱（小葱，鲜）,,葱蒜类,,73.0,27.0,1.6,0.4,4.9,143.0,26.0,0.0,72.0,100g,100,每100克可食部,
大葱,,葱蒜类,,82.0,28.0,1.6,0.3,5.8,110.0,25.0,0.0,63.0,100g,100,每100克可食部,
细香葱,香葱;四季葱,葱蒜类,,89.0,28.0,1.4,0.3,6.6,123.0,29.0,0.0,72.0,100g,100,每100克可食部,
洋葱（鲜）,葱头,葱蒜类,,90.0,40.0,1.1,0.2,9.0,147.0,39.0,0.0,24.0,100g,100,每100克可食部,
洋葱（白皮，脱水）,,葱蒜类,,100.0,342.0,5.5,0.4,81.9,740.0,78.0,0.0,186.0,100g,100,每100克可食部,
洋葱（紫皮，脱水）,,葱蒜类,,100.0,339.0,6.9,0.4,80.6,912.0,162.0,0.0,351.0,100g,100,每100克可食部,
韭黄（韭芽，黄色）,,葱蒜类,,88.0,24.0,2.3,0.2,3.9,192.0,48.0,0.0,25.0,100g,100,每100克可食部,
韭薹,,葱蒜类,,85.0,37.0,2.2,0.1,7.8,121.0,29.0,0.0,11.0,100g,100,每100克可食部,
韭菜,,葱蒜类,,90.0,25.0,2.4,0.4,4.5,241.0,45.0,0.0,44.0,100g,100,每100克可食部,
薤,皎头,葱蒜类,,0.0,1.0,0.0,0.0,0.0,120.0,58.0,0.0,160.0,100g,100,每100克可食部,
薤白（鲜）,小根蒜;山蒜;团蒜,葱蒜类,,100.0,124.0,3.4,0.4,27.1,0.0,53.0,0.0,100.0,100g,100,每100克可食部,
大白菜（代表值）,黄芽白,嫩茎、叶、花菜类,,89.0,20.0,1.6,0.2,3.4,134.0,33.0,0.0,57.0,100g,100,每100克可食部,
大白菜（白梗）,黄芽白,嫩茎、叶、花菜类,,92.0,22.0,1.7,0.2,3.7,130.0,30.0,0.0,69.0,100g,100,每100克可食部,
大白菜（青白口）,,嫩茎、叶、花菜类,,83.0,17.0,1.4,0.1,3.0,90.0,28.0,0.0,35.0,100g,100,每100克可食部,
大白菜（小白口）,,嫩茎、叶、花菜类,,85.0,16.0,1.3,0.1,2.8,137.0,35.0,0.0,45.0,100g,100,每100克可食部,
白菜（脱水）,,嫩茎、叶、花菜类,,100.0,305.0,6.2,0.8,72.9,2269.0,485.0,0.0,908.0,100g,100,每100克可食部,
白菜薹,菜薹;菜心,嫩茎、叶、花菜类,,84.0,28.0,2.8,0.5,4.0,236.0,54.0,0.0,96.0,100g,100,每100克可食部,
红菜薹,紫菜薹,嫩茎、叶、花菜类,,52.0,43.0,2.9,2.5,2.7,221.0,60.0,0.0,26.0,100g,100,每100克可食部,
瓢儿白,瓢儿菜,嫩茎、叶、花菜类,,79.0,18.0,1.7,0.2,3.2,245.0,36.0,0.0,59.0,100g,100,每100克可食部,
乌菜,乌塌菜;塌棵菜,嫩茎、叶、花菜类,,89.0,28.0,2.6,0.4,4.2,154.0,53.0,0.0,186.0,100g,100,每100克可食部,
油菜（黑）,,嫩茎、叶、花菜类,,96.0,19.0,1.8,0.2,2.9,143.0,34.0,0.0,191.0,100g,100,每100克可食部,
油菜（脱水）,,嫩茎、叶、花菜类,,100.0,316.0,7.6,0.6,74.3,635.0,182.0,0.0,596.0,100g,100,每100克可食部,
油菜（小）,,嫩茎、叶、花菜类,,95.0,12.0,1.3,0.2,1.6,157.0,41.0,0.0,153.0,100g,100,每100克可食部,
油菜薹,菜薹,嫩茎、叶、花菜类,,82.0,24.0,3.2,0.4,3.0,192.0,51.0,0.0,156.0,100g,100,每100克可食部,
大白菜（白口）,,嫩茎、叶、花菜类,,85.0,14.0,1.0,0.1,2.9,109.0,21.0,0.0,29.0,100g,100,每100克可食部,
大白菜（青口）,,嫩茎、叶、花菜类,,83.0,12.0,1.0,0.1,2.9,156.0,12.0,0.0,66.0,100g,100,每100克可食部,
酸白菜,酸菜,嫩茎、叶、花菜类,,100.0,10.0,0.7,0.2,2.6,104.0,38.0,0.0,48.0,100g,100,每100克可食部,
小白菜,青菜,嫩茎、叶、花菜类,,94.0,14.0,1.4,0.3,2.4,116.0,26.0,0.0,117.0,100g,100,每100克可食部,
奶白菜,,嫩茎、叶、花菜类,,100.0,21.0,2.7,0.2,3.3,126.0,55.0,0.0,66.0,100g,100,每100克可食部,
鸡毛菜,,嫩茎、叶、花菜类,,100.0,19.0,2.7,0.2,2.6,230.0,25.0,0.0,78.0,100g,100,每100克可食部,
娃娃菜,,嫩茎、叶、花菜类,,97.0,13.0,1.9,0.2,2.4,278.0,58.0,0.0,78.0,100g,100,每100克可食部,
乌塌菜,塌菜;塌棵菜,嫩茎、叶、花菜类,,96.0,13.0,1.8,0.1,2.6,213.0,35.0,0.0,43.0,100g,100,每100克可食部,
油菜,,嫩茎、叶、花菜类,,96.0,14.0,1.3,0.5,2.0,175.0,23.0,0.0,148.0,100g,100,每100克可食部,
油菜心,,嫩茎、叶、花菜类,,100.0,15.0,1.3,0.4,2.7,166.0,26.0,0.0,74.0,100g,100,每100克可食部,
圆白菜，卷心菜,椰菜,嫩茎、叶、花菜类,,86.0,24.0,1.5,0.2,4.6,124.0,26.0,0.0,49.0,100g,100,每100克可食部,
菜花（脱水）,脱水花椰菜,嫩茎、叶、花菜类,,100.0,312.0,6.5,0.6,76.8,554.0,182.0,0.0,185.0,100g,100,每100克可食部,
芥菜（鲜）,雪里红;雪菜,嫩茎、叶、花菜类,,94.0,27.0,2.0,0.4,4.7,281.0,47.0,0.0,230.0,100g,100,每100克可食部,
芥菜（大叶，鲜）,盖菜,嫩茎、叶、花菜类,,71.0,16.0,1.8,0.4,2.0,224.0,36.0,0.0,28.0,100g,100,每100克可食部,
"芥菜（茎用,鲜）",青头菜,嫩茎、叶、花菜类,,92.0,13.0,1.3,0.2,2.8,316.0,35.0,0.0,23.0,100g,100,每100克可食部,
芥菜（小叶，鲜）,小芥菜,嫩茎、叶、花菜类,,88.0,26.0,2.5,0.4,3.6,210.0,40.0,0.0,80.0,100g,100,每100克可食部,
结球甘蓝（绿）,圆白菜,嫩茎、叶、花菜类,,86.0,17.0,0.9,0.2,4.0,46.0,18.0,0.0,28.0,100g,100,每100克可食部,
结球甘蓝（紫）,圆白菜,嫩茎、叶、花菜类,,86.0,25.0,1.2,0.2,6.2,177.0,22.0,0.0,65.0,100g,100,每100克可食部,
抱子甘蓝,小圆白菜,嫩茎、叶、花菜类,,87.0,36.0,3.5,0.2,8.8,350.0,60.0,0.0,59.0,100g,100,每100克可食部,
羽衣甘蓝,,嫩茎、叶、花菜类,,100.0,69.0,5.0,0.4,5.7,395.0,82.0,0.0,66.0,100g,100,每100克可食部,
盖菜,,嫩茎、叶、花菜类,,94.0,13.0,1.5,0.2,2.8,150.0,33.0,0.0,76.0,100g,100,每100克可食部,
芥蓝,甘蓝菜;盖蓝菜,嫩茎、叶、花菜类,,98.0,24.0,3.1,0.3,4.1,345.0,52.0,0.0,121.0,100g,100,每100克可食部,
菜花（白色）,花椰菜,嫩茎、叶、花菜类,,82.0,20.0,1.7,0.2,4.2,206.0,32.0,0.0,31.0,100g,100,每100克可食部,
西兰花,绿菜花,嫩茎、叶、花菜类,,83.0,27.0,3.5,0.6,3.7,179.0,61.0,0.0,50.0,100g,100,每100克可食部,
菠菜（鲜）,赤根菜,嫩茎、叶、花菜类,,89.0,28.0,2.6,0.3,4.5,311.0,47.0,0.0,66.0,100g,100,每100克可食部,
菠菜（脱水）,,嫩茎、叶、花菜类,,100.0,308.0,6.4,0.6,75.7,919.0,222.0,0.0,411.0,100g,100,每100克可食部,
冬寒菜（鲜）,冬苋菜;冬葵,嫩茎、叶、花菜类,,58.0,34.0,3.9,0.4,4.9,280.0,56.0,0.0,82.0,100g,100,每100克可食部,
胡萝卜缨（红，鲜）,,嫩茎、叶、花菜类,,100.0,48.0,1.7,0.4,11.3,493.0,39.0,0.0,350.0,100g,100,每100克可食部,
苦菜,节节花;拒马菜,嫩茎、叶、花菜类,,100.0,46.0,2.8,0.6,10.0,180.0,41.0,0.0,66.0,100g,100,每100克可食部,
萝卜缨（白）,,嫩茎、叶、花菜类,,100.0,17.0,2.6,0.3,1.7,0.0,0.0,0.0,0.0,100g,100,每100克可食部,
萝卜缨（青）,,嫩茎、叶、花菜类,,100.0,38.0,3.1,0.1,7.6,424.0,27.0,0.0,110.0,100g,100,每100克可食部,
萝卜缨（小萝卜）,,嫩茎、叶、花菜类,,93.0,23.0,1.6,0.3,4.1,101.0,32.0,0.0,238.0,100g,100,每100克可食部,
落葵,木耳菜;软浆菜,嫩茎、叶、花菜类,,76.0,23.0,1.6,0.3,4.3,140.0,42.0,0.0,166.0,100g,100,每100克可食部,
芹菜茎,,嫩茎、叶、花菜类,,67.0,22.0,1.2,0.2,4.5,206.0,38.0,0.0,80.0,100g,100,每100克可食部,
芹菜叶（鲜）,,嫩茎、叶、花菜类,,100.0,35.0,2.6,0.6,5.9,137.0,64.0,0.0,40.0,100g,100,每100克可食部,
生菜（牛俐）,油麦菜,嫩茎、叶、花菜类,,81.0,16.0,1.4,0.4,2.1,100.0,31.0,0.0,70.0,100g,100,每100克可食部,
甜菜叶（鲜）,,嫩茎、叶、花菜类,,100.0,22.0,1.8,0.1,4.0,547.0,40.0,0.0,117.0,100g,100,每100克可食部,
香菜（鲜）,芫荽,嫩茎、叶、花菜类,,81.0,33.0,1.8,0.4,6.2,272.0,49.0,0.0,101.0,100g,100,每100克可食部,
香菜（脱水）,,嫩茎、叶、花菜类,,100.0,310.0,7.4,1.3,71.2,1031.0,151.0,0.0,1723.0,100g,100,每100克可食部,
苋菜（绿，鲜）,,嫩茎、叶、花菜类,,74.0,30.0,2.8,0.3,5.0,207.0,59.0,0.0,187.0,100g,100,每100克可食部,
苋菜（紫，鲜）,红苋,嫩茎、叶、花菜类,,73.0,35.0,2.8,0.4,5.9,340.0,63.0,0.0,178.0,100g,100,每100克可食部,
茼蒿（鲜）,蓬蒿菜;艾菜,嫩茎、叶、花菜类,,82.0,24.0,1.9,0.3,3.9,220.0,36.0,0.0,73.0,100g,100,每100克可食部,
茴香（鲜）,小茴香,嫩茎、叶、花菜类,,86.0,27.0,2.5,0.4,4.2,149.0,23.0,0.0,154.0,100g,100,每100克可食部,
荠菜（鲜）,蓟菜;菱角菜,嫩茎、叶、花菜类,,88.0,31.0,2.9,0.4,4.7,280.0,81.0,0.0,294.0,100g,100,每100克可食部,
莴笋（鲜）,莴苣,嫩茎、叶、花菜类,,62.0,15.0,1.0,0.1,2.8,212.0,48.0,0.0,23.0,100g,100,每100克可食部,
番杏,夏菠菜;新西兰菠菜,野生蔬菜类,,100.0,35.0,1.5,0.0,2.1,221.0,37.0,28.0,97.0,100g,100,每100克可食部,
樱桃萝卜缨,,嫩茎、叶、花菜类,,10.0,14.0,2.0,0.1,2.7,126.0,50.0,0.0,56.0,100g,100,每100克可食部,
白凤菜,,嫩茎、叶、花菜类,,100.0,16.0,1.6,0.2,4.0,192.0,29.0,0.0,41.0,100g,100,每100克可食部,
紫背天葵,红风菜;血皮菜,嫩茎、叶、花菜类,,100.0,18.0,1.9,0.0,3.8,367.0,31.0,0.0,69.0,100g,100,每100克可食部,
芹菜（茎）,旱芹;药芹;西芹,嫩茎、叶、花菜类,,100.0,13.0,0.4,0.2,3.1,128.0,13.0,0.0,15.0,100g,100,每100克可食部,
西芹,西洋芹菜;美芹,嫩茎、叶、花菜类,,85.0,17.0,0.6,0.1,4.8,15.0,35.0,0.0,36.0,100g,100,每100克可食部,
生菜（叶用莴苣）,,嫩茎、叶、花菜类,,94.0,12.0,1.6,0.4,1.1,91.0,12.0,0.0,14.0,100g,100,每100克可食部,
油麦菜,,嫩茎、叶、花菜类,,81.0,12.0,1.1,0.4,2.1,164.0,26.0,0.0,60.0,100g,100,每100克可食部,
叶甜菜（白梗）,,嫩茎、叶、花菜类,,100.0,13.0,1.6,0.1,2.8,24.0,26.0,0.0,48.0,100g,100,每100克可食部,
莴笋叶,莴苣菜,嫩茎、叶、花菜类,,100.0,15.0,1.0,0.2,2.9,305.0,37.0,0.0,9.0,100g,100,每100克可食部,
蕹菜,空心菜;藤藤菜;通菜,嫩茎、叶、花菜类,,100.0,19.0,2.2,0.2,4.0,304.0,37.0,0.0,115.0,100g,100,每100克可食部,
观达菜,根达菜;牛皮菜,嫩茎、叶、花菜类,,100.0,23.0,1.9,0.3,4.5,290.0,17.0,0.0,76.0,100g,100,每100克可食部,
球茎茴香,,野生蔬菜类,,0.0,50.0,1.2,0.0,0.3,655.0,71.0,77.2,71.0,100g,100,每100克可食部,
竹笋（鲜）,,嫩茎、叶、花菜类,,63.0,23.0,2.6,0.2,3.6,389.0,64.0,0.0,9.0,100g,100,每100克可食部,
白笋（干）,,嫩茎、叶、花菜类,,64.0,282.0,26.0,4.0,57.1,1754.0,222.0,0.0,31.0,100g,100,每100克可食部,
鞭笋（鲜）,马鞭笋,嫩茎、叶、花菜类,,45.0,24.0,2.6,0.0,6.7,379.0,49.0,0.0,17.0,100g,100,每100克可食部,
春笋（鲜）,,嫩茎、叶、花菜类,,66.0,25.0,2.4,0.1,5.1,300.0,36.0,0.0,8.0,100g,100,每100克可食部,
冬笋（鲜）,,嫩茎、叶、花菜类,,39.0,42.0,4.1,0.1,6.5,0.0,56.0,0.0,22.0,100g,100,每100克可食部,
黑笋（干）,,嫩茎、叶、花菜类,,76.0,268.0,17.6,2.4,57.5,115.0,426.0,0.0,30.0,100g,100,每100克可食部,
毛笋（鲜）,毛竹笋,嫩茎、叶、花菜类,,67.0,23.0,2.2,0.2,3.8,318.0,34.0,0.0,16.0,100g,100,每100克可食部,
玉兰片,,嫩茎、叶、花菜类,,100.0,66.0,2.6,0.4,18.6,66.0,29.0,0.0,42.0,100g,100,每100克可食部,
百合（鲜）,,嫩茎、叶、花菜类,,82.0,166.0,3.2,0.1,38.8,510.0,61.0,0.0,11.0,100g,100,每100克可食部,
百合（脱水）,,嫩茎、叶、花菜类,,100.0,346.0,8.1,0.1,79.1,492.0,72.0,0.0,29.0,100g,100,每100克可食部,
金针菜（鲜）,黄花菜,嫩茎、叶、花菜类,,98.0,214.0,19.4,1.4,34.9,610.0,216.0,0.0,301.0,100g,100,每100克可食部,
菊苣,,嫩茎、叶、花菜类,,100.0,19.0,1.3,0.2,3.4,314.0,28.0,0.0,52.0,100g,100,每100克可食部,
芦笋（绿）,石刁柏;龙须菜,嫩茎、叶、花菜类,,90.0,19.0,2.6,0.1,3.3,213.0,42.0,0.0,10.0,100g,100,每100克可食部,
芦笋（紫）,,嫩茎、叶、花菜类,,93.0,22.0,2.7,0.2,3.4,26.0,49.0,0.0,13.0,100g,100,每100克可食部,
结球菊苣（红）,,嫩茎、叶、花菜类,,89.0,17.0,18.0,0.2,3.4,365.0,53.0,0.0,78.0,100g,100,每100克可食部,
软化白菊苣,,嫩茎、叶、花菜类,,97.0,17.0,1.5,0.2,3.1,216.0,53.0,0.0,11.0,100g,100,每100克可食部,
穿心莲,,嫩茎、叶、花菜类,,100.0,17.0,1.7,0.0,2.5,188.0,0.0,0.0,11.0,100g,100,每100克可食部,
红薯叶,,嫩茎、叶、花菜类,,100.0,27.0,3.1,0.0,5.1,115.0,38.0,0.0,180.0,100g,100,每100克可食部,
南瓜藤,,嫩茎、叶、花菜类,,100.0,17.0,1.7,0.0,3.2,303.0,53.0,0.0,14.0,100g,100,每100克可食部,
三七尖,,嫩茎、叶、花菜类,,100.0,21.0,2.3,0.2,4.0,631.0,21.0,0.0,57.0,100g,100,每100克可食部,
棠梨花,,嫩茎、叶、花菜类,,100.0,58.0,3.5,0.8,9.1,42.0,49.0,0.0,65.0,100g,100,每100克可食部,
洋丝瓜苗,,嫩茎、叶、花菜类,,81.0,29.0,4.4,0.3,2.2,224.0,72.0,0.0,77.0,100g,100,每100克可食部,
慈菇（鲜）,乌芋;白地果,水生蔬菜类,,89.0,97.0,4.6,0.2,19.9,707.0,157.0,0.0,14.0,100g,100,每100克可食部,
豆瓣菜（鲜）,西洋菜;水田芥,水生蔬菜类,,73.0,20.0,2.9,0.5,1.5,179.0,26.0,0.0,30.0,100g,100,每100克可食部,
"菱角（老,鲜）",龙角,水生蔬菜类,,57.0,101.0,4.5,0.1,21.4,437.0,93.0,0.0,7.0,100g,100,每100克可食部,
蒲菜（鲜）,香蒲;甘蒲;野茭白,水生蔬菜类,,12.0,14.0,1.2,0.1,2.4,0.0,24.0,0.0,53.0,100g,100,每100克可食部,
水芹菜,,水生蔬菜类,,60.0,13.0,1.4,0.2,1.8,212.0,32.0,0.0,38.0,100g,100,每100克可食部,
茭白（鲜）,茭笋;茭粑,水生蔬菜类,,74.0,26.0,1.2,0.2,5.9,209.0,36.0,0.0,4.0,100g,100,每100克可食部,
荸荠（鲜）,马蹄;地栗,水生蔬菜类,,78.0,61.0,1.2,0.2,14.2,306.0,44.0,0.0,4.0,100g,100,每100克可食部,
莼菜（瓶装）,花案菜,水生蔬菜类,,100.0,21.0,1.4,0.1,3.8,2.0,17.0,0.0,42.0,100g,100,每100克可食部,
藕,莲藕,水生蔬菜类,,88.0,47.0,1.2,0.2,11.5,243.0,58.0,0.0,39.0,100g,100,每100克可食部,
红菱,,水生蔬菜类,,54.0,165.0,5.7,0.3,40.9,323.0,79.0,0.0,51.0,100g,100,每100克可食部,
大薯（鲜）,参薯,薯芋类,,74.0,108.0,2.1,0.2,24.9,0.0,45.0,0.0,10.0,100g,100,每100克可食部,
豆薯（鲜）,凉薯;地瓜;沙葛,薯芋类,,91.0,56.0,0.9,0.1,13.4,111.0,24.0,0.0,21.0,100g,100,每100克可食部,
葛（鲜）,葛署;粉葛,薯芋类,,90.0,150.0,2.2,0.2,36.1,0.0,48.0,0.0,0.0,100g,100,每100克可食部,
山药（鲜）,薯蓣;大薯;淮山,薯芋类,,83.0,57.0,1.9,0.2,12.4,213.0,34.0,0.0,16.0,100g,100,每100克可食部,
山药（干）,,薯芋类,,100.0,327.0,9.4,1.0,70.8,269.0,17.0,0.0,62.0,100g,100,每100克可食部,
槟榔芋（鲜）,,薯芋类,,87.0,90.0,3.0,0.1,19.7,0.0,33.0,0.0,45.0,100g,100,每100克可食部,
芋头,芋艿;毛芋,薯芋类,,88.0,56.0,1.3,0.2,12.7,25.0,50.0,0.0,11.0,100g,100,每100克可食部,
芋头（煮）,,薯芋类,,100.0,60.0,2.9,0.1,13.0,317.0,58.0,0.0,16.0,100g,100,每100克可食部,
姜（鲜）,黄姜,薯芋类,,95.0,46.0,1.3,0.6,10.3,295.0,25.0,0.0,27.0,100g,100,每100克可食部,
姜（干）,,薯芋类,,95.0,308.0,9.1,5.7,64.0,41.0,22.0,0.0,62.0,100g,100,每100克可食部,
"姜（子姜,鲜）",嫩姜,薯芋类,,82.0,21.0,0.7,0.6,3.7,160.0,11.0,0.0,9.0,100g,100,每100克可食部,
洋姜（鲜）,菊芋;鬼子姜,薯芋类,,100.0,64.0,2.4,0.0,15.8,458.0,27.0,0.0,23.0,100g,100,每100克可食部,
艾蒿,,野生蔬菜类,,100.0,7.0,0.0,0.0,3.6,677.0,60.0,0.0,137.0,100g,100,每100克可食部,
白花菜,,野生蔬菜类,,100.0,28.0,4.0,0.0,5.0,152.0,6.0,0.0,26.0,100g,100,每100克可食部,
白花桔梗,,野生蔬菜类,,100.0,6.0,0.0,0.0,2.9,146.0,106.0,0.0,44.0,100g,100,每100克可食部,
白沙蒿（鲜）,沙蒿,野生蔬菜类,,100.0,56.0,4.3,0.9,8.5,0.0,82.0,0.0,305.0,100g,100,每100克可食部,
白沙蒿子（干）,沙蒿子,野生蔬菜类,,100.0,412.0,27.9,15.1,41.0,0.0,757.0,0.0,505.0,100g,100,每100克可食部,
白薯叶（鲜）,甘薯叶,野生蔬菜类,,100.0,60.0,4.8,0.7,9.0,495.0,40.0,0.0,174.0,100g,100,每100克可食部,
百里香（鲜）,,野生蔬菜类,,100.0,0.0,0.0,0.0,0.0,470.0,42.0,0.0,218.0,100g,100,每100克可食部,
败酱（鲜）,胭脂麻,野生蔬菜类,,100.0,69.0,1.5,1.0,17.3,456.0,113.0,0.0,235.0,100g,100,每100克可食部,
扁蓄菜（鲜）,竹节草,野生蔬菜类,,100.0,75.0,6.0,0.6,12.4,0.0,47.0,0.0,50.0,100g,100,每100克可食部,
朝鲜蓟（鲜）,,野生蔬菜类,,100.0,54.0,2.7,0.2,10.9,220.0,88.0,0.0,255.0,100g,100,每100克可食部,
刺儿菜（鲜）,小蓟;蓟蓟菜,野生蔬菜类,,100.0,42.0,4.5,0.4,5.9,253.0,40.0,0.0,252.0,100g,100,每100克可食部,
刺楸（鲜）,,野生蔬菜类,,100.0,16.0,0.0,0.0,0.0,1641.0,125.0,0.0,495.0,100g,100,每100克可食部,
达乌里胡枝子（鲜）,牛枝子;豆豆苗,野生蔬菜类,,100.0,491.0,7.0,1.0,23.1,0.0,61.0,0.0,300.0,100g,100,每100克可食部,
达乌里胡枝子子[牛枝子子，豆豆苗子）,,野生蔬菜类,,100.0,1535.0,36.8,8.3,41.7,0.0,486.0,0.0,392.0,100g,100,每100克可食部,
大玻璃草叶（鲜）,大车前,野生蔬菜类,,100.0,206.0,4.4,0.3,8.8,0.0,64.0,0.0,443.0,100g,100,每100克可食部,
大巢菜（鲜）,野苕子;野豌豆,野生蔬菜类,,100.0,264.0,3.8,0.5,13.6,0.0,70.0,0.0,270.0,100g,100,每100克可食部,
大蓟叶（鲜）,飞廉叶,野生蔬菜类,,100.0,158.0,1.5,1.4,5.5,0.0,0.0,0.0,0.0,100g,100,每100克可食部,
地肤（鲜）,益明;扫帚苗,野生蔬菜类,,100.0,273.0,5.2,0.8,10.4,702.0,66.0,0.0,281.0,100g,100,每100克可食部,
地笋（鲜）,地古牛;地瓜儿苗叶,野生蔬菜类,,100.0,288.0,4.3,0.7,13.7,416.0,62.0,0.0,297.0,100g,100,每100克可食部,
豆腐柴（鲜）,,野生蔬菜类,,100.0,16.0,0.0,0.0,7.8,444.0,97.0,0.0,126.0,100g,100,每100克可食部,
独行菜（鲜）,,野生蔬菜类,,100.0,19.0,2.0,0.0,1.6,335.0,124.0,0.0,188.0,100g,100,每100克可食部,
"独行菜（宽,鲜）",,野生蔬菜类,,100.0,3.0,0.0,0.0,1.7,416.0,119.0,0.0,183.0,100g,100,每100克可食部,
胡枝子（鲜）,山豆子,野生蔬菜类,,0.0,138.0,5.3,2.2,29.6,0.0,0.0,0.0,0.0,100g,100,每100克可食部,
槐花（鲜）,洋槐花;豆槐花,野生蔬菜类,,0.0,82.0,3.1,0.7,17.0,0.0,69.0,0.0,83.0,100g,100,每100克可食部,
黄麻叶（鲜）,,野生蔬菜类,,100.0,42.0,4.7,0.3,5.8,559.0,83.0,0.0,208.0,100g,100,每100克可食部,
碱蓬（鲜）,棉蓬;猪毛菜,野生蔬菜类,,0.0,33.0,2.8,0.3,5.2,0.0,34.0,0.0,480.0,100g,100,每100克可食部,
苦苦菜（鲜）,,野生蔬菜类,,100.0,42.0,2.5,0.9,6.8,0.0,0.0,0.0,0.0,100g,100,每100克可食部,
轮叶党参,,野生蔬菜类,,0.0,0.0,0.0,0.0,0.0,89.0,87.0,0.0,68.0,100g,100,每100克可食部,
罗勒,兰香,野生蔬菜类,,0.0,26.0,3.8,0.0,4.6,576.0,65.0,0.0,285.0,100g,100,每100克可食部,
马齿苋（）鲜,长寿菜;瓜子菜,野生蔬菜类,,100.0,28.0,2.3,0.5,3.9,0.0,56.0,0.0,85.0,100g,100,每100克可食部,
马兰头（鲜）,马兰;鸡儿肠;路边菊,野生蔬菜类,,100.0,28.0,2.4,0.4,4.6,285.0,38.0,0.0,67.0,100g,100,每100克可食部,
麦瓶草（鲜）,米瓦罐,野生蔬菜类,,100.0,38.0,4.5,0.5,4.4,0.0,55.0,0.0,153.0,100g,100,每100克可食部,
牛至,,野生蔬菜类,,100.0,0.0,0.0,0.0,0.0,442.0,51.0,0.0,218.0,100g,100,每100克可食部,
牛蒡叶（鲜）,,野生蔬菜类,,100.0,42.0,4.7,0.8,5.1,0.0,61.0,0.0,242.0,100g,100,每100克可食部,
爬景天（鲜）,石头菜,野生蔬菜类,,100.0,21.0,0.6,0.7,3.5,0.0,23.0,0.0,260.0,100g,100,每100克可食部,
喷瓜,,野生蔬菜类,,100.0,1.0,0.0,0.0,0.3,203.0,35.0,0.0,74.0,100g,100,每100克可食部,
婆罗门参（白，鲜）,,野生蔬菜类,,100.0,1.0,0.0,0.0,0.3,443.0,72.0,0.0,61.0,100g,100,每100克可食部,
婆罗门参（黑，鲜）,鸦葱,野生蔬菜类,,100.0,1.0,0.0,0.1,0.0,67.0,83.0,0.0,50.0,100g,100,每100克可食部,
蒲公英叶（鲜）,黄花苗叶;孛孛丁叶,野生蔬菜类,,100.0,53.0,4.8,1.1,7.0,327.0,93.0,0.0,216.0,100g,100,每100克可食部,
掐不齐（鲜）,鸡眼草;牛黄草,野生蔬菜类,,100.0,110.0,6.1,1.4,23.6,0.0,0.0,0.0,0.0,100g,100,每100克可食部,
清明菜（）鲜,鼠曲菜,野生蔬菜类,,100.0,49.0,3.1,0.6,8.9,0.0,66.0,0.0,218.0,100g,100,每100克可食部,
沙参叶（鲜）,白参,野生蔬菜类,,100.0,93.0,0.8,1.6,21.6,0.0,180.0,0.0,585.0,100g,100,每100克可食部,
沙蓬子（鲜）,沙米,野生蔬菜类,,100.0,349.0,21.5,8.1,50.6,0.0,542.0,0.0,686.0,100g,100,每100克可食部,
山苦荬叶（鲜）,启明菜叶,野生蔬菜类,,100.0,33.0,2.2,0.4,5.6,0.0,59.0,0.0,150.0,100g,100,每100克可食部,
食用大黄（鲜）,,野生蔬菜类,,100.0,9.0,1.6,0.0,1.5,502.0,31.0,0.0,107.0,100g,100,每100克可食部,
食用黄麻,,野生蔬菜类,,100.0,22.0,0.9,0.1,0.0,562.0,103.0,0.0,398.0,100g,100,每100克可食部,
酸模（鲜）,,野生蔬菜类,,100.0,17.0,1.7,0.2,0.0,228.0,21.0,0.0,28.0,100g,100,每100克可食部,
汤菜（鲜）,,野生蔬菜类,,100.0,24.0,1.8,0.5,3.4,239.0,27.0,0.0,131.0,100g,100,每100克可食部,
土三七（鲜）,景天三七,野生蔬菜类,,100.0,48.0,2.1,0.7,9.0,0.0,39.0,0.0,315.0,100g,100,每100克可食部,
歪头菜（鲜）,草豆;二叶萩,野生蔬菜类,,100.0,74.0,2.5,0.3,17.9,0.0,43.0,0.0,298.0,100g,100,每100克可食部,
梧桐子（鲜）,瓢儿果,野生蔬菜类,,100.0,560.0,23.6,38.8,30.1,0.0,212.0,0.0,27.0,100g,100,每100克可食部,
夏枯草（鲜）,铁色草,野生蔬菜类,,100.0,63.0,2.5,0.7,12.7,0.0,0.0,0.0,0.0,100g,100,每100克可食部,
香椿（鲜）,香椿芽,野生蔬菜类,,76.0,50.0,1.7,0.4,10.9,172.0,147.0,0.0,96.0,100g,100,每100克可食部,
香茅,,野生蔬菜类,,100.0,17.0,1.7,0.2,0.0,599.0,62.0,0.0,120.0,100g,100,每100克可食部,
小旋花（鲜）,狗儿蔓,野生蔬菜类,,100.0,60.0,0.0,0.5,15.4,0.0,40.0,0.0,422.0,100g,100,每100克可食部,
鸭跖草（鲜）,竹叶菜;淡竹叶,野生蔬菜类,,100.0,34.0,2.8,0.3,5.7,0.0,39.0,0.0,206.0,100g,100,每100克可食部,
野葱（鲜）,沙葱;麦葱,野生蔬菜类,,100.0,36.0,2.7,0.2,6.7,0.0,43.0,0.0,279.0,100g,100,每100克可食部,
野韭菜（鲜）,山韭,野生蔬菜类,,100.0,44.0,3.7,0.9,7.2,0.0,47.0,0.0,129.0,100g,100,每100克可食部,
野菊,,野生蔬菜类,,100.0,46.0,3.2,0.5,9.0,0.0,41.0,0.0,178.0,100g,100,每100克可食部,
野蒜（鲜）,小蒜;野葱,野生蔬菜类,,82.0,34.0,1.0,0.4,7.7,231.0,38.0,0.0,89.0,100g,100,每100克可食部,
野苋菜（鲜）,假苋菜,野生蔬菜类,,100.0,62.0,5.5,0.6,9.5,0.0,93.0,0.0,610.0,100g,100,每100克可食部,
茵陈蒿（鲜）,茵陈,野生蔬菜类,,100.0,65.0,5.6,0.4,12.0,0.0,97.0,0.0,257.0,100g,100,每100克可食部,
榆钱（鲜）,,野生蔬菜类,,100.0,45.0,4.8,0.4,7.6,134.0,104.0,0.0,62.0,100g,100,每100克可食部,
珍珠花菜,,野生蔬菜类,,100.0,17.0,1.7,0.2,0.0,495.0,35.0,0.0,155.0,100g,100,每100克可食部,
紫花桔梗,,野生蔬菜类,,100.0,22.0,0.9,0.1,0.0,24.0,53.0,0.0,46.0,100g,100,每100克可食部,
紫萼香茶菜,,野生蔬菜类,,100.0,17.0,1.7,0.2,0.0,670.0,106.0,0.0,356.0,100g,100,每100克可食部,
苣荬菜（尖叶）,取荬菜;苦麻子,野生蔬菜类,,100.0,19.0,2.0,0.0,0.0,237.0,30.0,0.0,218.0,100g,100,每100克可食部,
苜蓿子（干）,紫苜蓿子,野生蔬菜类,,100.0,359.0,36.4,8.7,39.9,0.0,520.0,0.0,595.0,100g,100,每100克可食部,
茴芹（鲜）,,野生蔬菜类,,100.0,22.0,0.9,0.1,17.0,0.0,0.0,0.0,0.0,100g,100,每100克可食部,
荞菜（鲜）,野荞,野生蔬菜类,,65.0,13.0,0.7,0.2,2.7,262.0,26.0,0.0,89.0,100g,100,每100克可食部,
蒌蒿（鲜）,,野生蔬菜类,,100.0,57.0,3.7,0.7,9.0,40.0,8.0,0.0,17.0,100g,100,每100克可食部,
蕨菜（鲜）,龙头菜;如意菜,野生蔬菜类,,100.0,42.0,1.6,0.4,9.0,292.0,50.0,0.0,17.0,100g,100,每100克可食部,
蕨菜（脱水）,,野生蔬菜类,,100.0,302.0,6.6,0.9,79.7,59.0,253.0,0.0,851.0,100g,100,每100克可食部,
蕨麻（干）,鹅绒委陵菜,野生蔬菜类,,100.0,357.0,12.6,1.4,75.0,0.0,334.0,0.0,123.0,100g,100,每100克可食部,
枸杞菜（鲜）,枸杞;地骨,野生蔬菜类,,49.0,47.0,5.6,1.1,4.5,170.0,32.0,0.0,36.0,100g,100,每100克可食部,
酢浆草（鲜）,酸酸草;酸溜溜,野生蔬菜类,,100.0,66.0,3.1,0.5,12.4,0.0,125.0,0.0,27.0,100g,100,每100克可食部,
苦苣菜,苦菜;天精菜,野生蔬菜类,,100.0,32.0,3.1,0.6,4.5,350.0,53.0,0.0,230.0,100g,100,每100克可食部,
苜蓿,草头;金花菜,野生蔬菜类,,95.0,35.0,5.0,0.7,2.9,32.0,22.0,0.0,112.0,100g,100,每100克可食部,
鱼腥草（叶）,蕺菜;臭菜,野生蔬菜类,,100.0,32.0,2.1,0.1,10.7,494.0,31.0,0.0,57.0,100g,100,每100克可食部,
鱼腥草（根）,,野生蔬菜类,,86.0,63.0,2.1,0.1,19.5,469.0,55.0,0.0,74.0,100g,100,每100克可食部,
刺五加尖,,野生蔬菜类,,74.0,69.0,4.8,1.0,10.2,458.0,85.0,0.0,176.0,100g,100,每100克可食部,
枸杞叶,,野生蔬菜类,,100.0,34.0,3.0,1.3,5.3,412.0,31.0,0.0,146.0,100g,100,每100克可食部,
灰灰菜（干、藜）,,野生蔬菜类,,100.0,312.0,18.3,1.5,56.2,2198.0,227.0,0.0,1489.0,100g,100,每100克可食部,
荆芥,,野生蔬菜类,,52.0,26.0,2.6,0.0,4.3,282.0,36.0,0.0,210.0,100g,100,每100克可食部,
草菇,大黑头细花草;稻菇,菌类,,100.0,27.0,2.7,0.2,4.3,179.0,33.0,0.0,17.0,100g,100,每100克可食部,
大红菇（干）,草质红菇,菌类,,100.0,263.0,24.4,2.8,50.9,228.0,523.0,0.0,1.0,100g,100,每100克可食部,
地衣（水浸）,,菌类,,100.0,10.0,1.5,0.0,1.8,102.0,53.0,0.0,14.0,100g,100,每100克可食部,
冬菇（干）,毛柄金线菌,菌类,,86.0,277.0,17.8,1.3,64.6,1155.0,469.0,0.0,55.0,100g,100,每100克可食部,
猴头菇（罐装）,,菌类,,100.0,21.0,2.0,0.2,4.9,8.0,37.0,0.0,19.0,100g,100,每100克可食部,
黄蘑（干）,,菌类,,89.0,203.0,16.4,1.5,40.1,1953.0,194.0,0.0,11.0,100g,100,每100克可食部,
黄蘑（水发）,,菌类,,89.0,30.0,4.3,0.4,4.8,512.0,51.0,0.0,3.0,100g,100,每100克可食部,
金针菇（鲜）,智力菇,菌类,,100.0,32.0,2.4,0.4,6.0,195.0,97.0,0.0,0.0,100g,100,每100克可食部,
金针菇（罐装）,,菌类,,100.0,26.0,1.0,0.0,6.7,17.0,23.0,0.0,14.0,100g,100,每100克可食部,
口蘑（白蘑）,,菌类,,100.0,277.0,38.7,3.3,31.6,3106.0,1655.0,0.0,169.0,100g,100,每100克可食部,
蘑菇（鲜蘑）,,菌类,,99.0,24.0,2.7,0.1,4.1,312.0,94.0,0.0,6.0,100g,100,每100克可食部,
蘑菇（干）,,菌类,,100.0,294.0,21.0,4.6,52.7,1225.0,357.0,0.0,127.0,100g,100,每100克可食部,
木耳（干）,黑木耳;云耳,菌类,,100.0,265.0,12.1,1.5,65.6,757.0,292.0,0.0,247.0,100g,100,每100克可食部,
木耳（水发）,黑木耳;云耳,菌类,,100.0,27.0,1.5,0.2,6.0,52.0,12.0,0.0,34.0,100g,100,每100克可食部,
平菇,糙皮侧耳;青蘑,菌类,,93.0,24.0,1.9,0.3,4.6,258.0,86.0,0.0,5.0,100g,100,每100克可食部,
普中红蘑（干）,,菌类,,100.0,263.0,18.4,0.7,58.1,169.0,35.0,0.0,14.0,100g,100,每100克可食部,
双孢蘑菇,洋蘑菇,菌类,,97.0,26.0,4.2,0.1,2.7,307.0,43.0,0.0,2.0,100g,100,每100克可食部,
松蘑（干）,松茸;松口蘑,菌类,,100.0,273.0,12.5,3.0,66.5,2402.0,390.0,0.0,7.0,100g,100,每100克可食部,
香菇（鲜）,香蕈;冬菇,菌类,,100.0,26.0,2.2,0.3,5.2,20.0,53.0,0.0,2.0,100g,100,每100克可食部,
香菇（干）,香蕈;冬菇,菌类,,95.0,274.0,20.0,1.2,61.7,464.0,258.0,0.0,83.0,100g,100,每100克可食部,
香杏丁蘑（干，大）,,菌类,,100.0,257.0,22.4,0.2,53.9,238.0,73.0,0.0,17.0,100g,100,每100克可食部,
香杏片口蘑（干）,,菌类,,100.0,252.0,33.4,1.5,37.6,227.0,77.0,0.0,15.0,100g,100,每100克可食部,
羊肚菌（干）,干狼肚,菌类,,100.0,321.0,26.9,7.1,43.7,1726.0,1193.0,0.0,87.0,100g,100,每100克可食部,
银耳（干）,白木耳;雪耳,菌类,,96.0,261.0,10.0,1.4,67.3,1588.0,369.0,0.0,36.0,100g,100,每100克可食部,
珍珠白蘑（干）,,菌类,,100.0,258.0,18.3,0.7,56.3,284.0,28.0,0.0,24.0,100g,100,每100克可食部,
榛蘑（干）,小蜜环菌,菌类,,100.0,329.0,17.7,10.8,54.6,4629.0,893.0,0.0,9.0,100g,100,每100克可食部,
榛蘑（水发）,,菌类,,77.0,53.0,2.8,1.1,9.4,732.0,84.0,0.0,3.0,100g,100,每100克可食部,
白蘑菇,双孢蘑菇;洋蘑菇,菌类,,100.0,29.0,3.5,0.4,3.8,350.0,93.0,0.0,6.0,100g,100,每100克可食部,
北风菌,荷叶离褶伞;一窝羊,菌类,,77.0,17.0,1.7,0.1,2.9,254.0,36.0,0.0,3.0,100g,100,每100克可食部,
茶树菇（干）,柱状田头菇;油茶菇,菌类,,100.0,309.0,23.1,2.6,56.1,2165.0,908.0,0.0,4.0,100g,100,每100克可食部,
干巴菌,,菌类,,91.0,38.0,3.8,0.4,8.0,328.0,104.0,0.0,10.0,100g,100,每100克可食部,
红奶浆菌,多汁乳菇;谷熟菌,菌类,,94.0,18.0,1.5,0.4,3.3,245.0,27.0,0.0,4.0,100g,100,每100克可食部,
黄伞菇（干）,多脂鳞伞;黄丝菌,菌类,,100.0,294.0,22.8,3.2,57.5,3128.0,566.0,0.0,4.0,100g,100,每100克可食部,
鸡腿菇（干）,毛头鬼伞,菌类,,100.0,294.0,26.7,2.0,51.8,4053.0,764.0,0.0,9.0,100g,100,每100克可食部,
鸡油菌,黄丝菌;杏菌,菌类,,92.0,26.0,2.0,0.3,5.1,339.0,44.0,0.0,12.0,100g,100,每100克可食部,
鸡枞,蚁枞;伞把菇;鸡枞菌,菌类,,96.0,19.0,2.5,0.2,2.5,102.0,38.0,0.0,4.0,100g,100,每100克可食部,
鸡枞（干）,,菌类,,100.0,297.0,32.8,3.7,44.8,173.0,73.0,0.0,8.0,100g,100,每100克可食部,
鸡枞（油炸）,油鸡枞,菌类,,100.0,646.0,4.8,66.3,10.2,367.0,232.0,0.0,28.0,100g,100,每100克可食部,
鸡枞花,,菌类,,86.0,18.0,2.3,0.3,1.8,173.0,73.0,0.0,8.0,100g,100,每100克可食部,
牛肝菌（白）,美味牛肝菌,菌类,,93.0,35.0,4.0,0.4,4.5,301.0,68.0,0.0,5.0,100g,100,每100克可食部,
牛肝菌（白、干）,美味牛肝菌,菌类,,100.0,296.0,27.8,1.6,53.3,1571.0,528.0,0.0,2.0,100g,100,每100克可食部,
牛肝菌（黑）,铜色牛肝菌,菌类,,95.0,32.0,3.6,0.2,4.8,291.0,60.0,0.0,2.0,100g,100,每100克可食部,
牛肝菌（鲜）,黄皮牛肝菌;黄皮疣柄牛肝菌;黄癞头,菌类,,97.0,32.0,4.3,0.1,5.3,224.0,49.0,0.0,2.0,100g,100,每100克可食部,
乳牛肝菌（干）,粘盖牛肝菌;松树菌,菌类,,100.0,264.0,15.3,2.8,66.0,1481.0,391.0,0.0,12.0,100g,100,每100克可食部,
牛眼睛菌（鲜）,马勃菌,菌类,,93.0,41.0,5.1,0.3,6.6,532.0,141.0,0.0,8.0,100g,100,每100克可食部,
青头菌,变绿红菇;绿菇,菌类,,95.0,20.0,2.7,0.1,3.1,269.0,52.0,0.0,4.0,100g,100,每100克可食部,
杏鲍菇,,菌类,,100.0,35.0,1.3,0.1,8.3,242.0,66.0,0.0,13.0,100g,100,每100克可食部,
血红菇（干）,,菌类,,100.0,313.0,22.4,6.7,56.0,3520.0,327.0,0.0,9.0,100g,100,每100克可食部,
元蘑（干）,亚侧耳;冬蘑;黄蘑,菌类,,100.0,245.0,22.4,6.7,56.0,3877.0,369.0,0.0,6.0,100g,100,每100克可食部,
竹荪（干）,竹笙;竹参,菌类,,100.0,248.0,17.8,3.1,60.3,11882.0,289.0,0.0,18.0,100g,100,每100克可食部,
蛹虫草（干）,,菌类,,100.0,302.0,23.7,0.0,60.9,337.0,1261.0,0.0,15.0,100g,100,每100克可食部,
发菜（干）,仙菜,藻类,,100.0,259.0,20.2,0.5,60.8,217.0,76.0,0.0,1048.0,100g,100,每100克可食部,
海带（鲜）,江白菜,藻类,,100.0,13.0,1.2,0.1,2.1,246.0,22.0,0.0,46.0,100g,100,每100克可食部,
海带,江白菜;昆布,藻类,,98.0,90.0,1.8,0.1,23.4,761.0,52.0,0.0,348.0,100g,100,每100克可食部,
海带（浸）,江白菜;昆布,藻类,,100.0,16.0,1.1,0.1,3.0,222.0,29.0,0.0,241.0,100g,100,每100克可食部,
海冻菜（干）,石花菜;冻菜,藻类,,100.0,314.0,5.4,0.1,72.9,141.0,209.0,0.0,167.0,100g,100,每100克可食部,
琼脂,紫菜胶洋粉,藻类,,100.0,311.0,1.1,0.2,76.3,11.0,7.0,0.0,100.0,100g,100,每100克可食部,
苔菜（干）,苔条;条浒苔,藻类,,100.0,167.0,19.0,0.4,26.3,410.0,302.0,0.0,185.0,100g,100,每100克可食部,
紫菜（干）,,藻类,,100.0,250.0,26.7,1.1,44.1,1796.0,350.0,0.0,264.0,100g,100,每100克可食部,
螺旋藻（干）,,藻类,,100.0,358.0,64.7,3.1,18.2,1506.0,1317.0,0.0,137.0,100g,100,每100克可食部,
裙带菜（干）,海芥菜;海木耳,藻类,,100.0,219.0,25.0,1.7,41.5,335.0,305.0,0.0,947.0,100g,100,每100克可食部,
海带菜（鲜，姑香牌）,,藻类,,100.0,112.0,1.4,7.5,15.3,44.0,27.0,0.0,201.0,100g,100,每100克可食部,
苹果（代表值）,,仁果类,,85.0,53.0,0.4,0.2,13.7,83.0,7.0,0.0,4.0,个,200,1个苹果约200g,
伏苹果,,仁果类,,86.0,48.0,0.5,0.1,11.8,78.0,7.0,0.0,15.0,100g,100,每100克可食部,
国光苹果,,仁果类,,78.0,56.0,0.3,0.3,13.3,83.0,14.0,0.0,8.0,100g,100,每100克可食部,
旱苹果,,仁果类,,96.0,34.0,0.4,0.2,8.4,0.0,0.0,0.0,0.0,100g,100,每100克可食部,
红富士苹果,,仁果类,,85.0,49.0,0.7,0.4,11.7,115.0,11.0,0.0,3.0,100g,100,每100克可食部,
红香蕉苹果,,仁果类,,87.0,51.0,0.4,0.2,12.3,85.0,8.0,0.0,5.0,100g,100,每100克可食部,
红星苹果,,仁果类,,85.0,58.0,0.4,0.1,14.3,0.0,4.0,0.0,2.0,100g,100,每100克可食部,
红玉苹果,,仁果类,,84.0,52.0,0.2,0.2,14.7,0.0,0.0,0.0,0.0,100g,100,每100克可食部,
红元帅苹果,,仁果类,,84.0,60.0,0.2,0.4,14.3,58.0,1.0,0.0,2.0,100g,100,每100克可食部,
黄香蕉苹果,,仁果类,,88.0,53.0,0.3,0.2,13.7,84.0,7.0,0.0,10.0,100g,100,每100克可食部,
黄元帅苹果,,仁果类,,80.0,59.0,0.2,0.3,14.7,184.0,5.0,0.0,5.0,100g,100,每100克可食部,
金元帅苹果,,仁果类,,78.0,53.0,0.2,0.1,13.3,72.0,5.0,0.0,2.0,100g,100,每100克可食部,
青香蕉苹果,,仁果类,,80.0,52.0,0.3,0.1,13.1,83.0,7.0,0.0,9.0,100g,100,每100克可食部,
秋里蒙苹果,,仁果类,,85.0,43.0,0.2,0.2,11.9,0.0,0.0,0.0,0.0,100g,100,每100克可食部,
香玉苹果,,仁果类,,69.0,62.0,0.5,0.1,15.7,173.0,6.0,0.0,3.0,100g,100,每100克可食部,
印度苹果,,仁果类,,90.0,54.0,0.6,0.2,14.8,0.0,0.0,0.0,0.0,100g,100,每100克可食部,
祝光苹果,,仁果类,,86.0,50.0,0.4,0.1,12.5,140.0,5.0,0.0,3.0,100g,100,每100克可食部,
倭锦苹果,,仁果类,,86.0,54.0,0.2,0.2,13.6,70.0,0.0,0.0,4.0,100g,100,每100克可食部,
苹果（罐头）,,仁果类,,100.0,41.0,0.2,0.2,10.3,50.0,8.0,0.0,26.0,个,200,1个苹果约200g,
梨（代表值）,,仁果类,,82.0,51.0,0.3,0.1,13.1,85.0,14.0,0.0,7.0,100g,100,每100克可食部,
梨（巴梨）,,仁果类,,79.0,51.0,0.4,0.2,12.9,145.0,5.0,0.0,6.0,100g,100,每100克可食部,
长把梨,,仁果类,,80.0,62.0,0.8,0.8,14.9,50.0,18.0,0.0,9.0,100g,100,每100克可食部,
冬果梨,,仁果类,,87.0,46.0,0.4,0.2,12.8,0.0,0.0,0.0,0.0,100g,100,每100克可食部,
鹅黄梨,,仁果类,,68.0,41.0,0.3,0.1,10.7,69.0,13.0,0.0,1.0,100g,100,每100克可食部,
红肖梨,,仁果类,,87.0,36.0,0.2,0.0,10.5,78.0,7.0,0.0,11.0,100g,100,每100克可食部,
锦丰梨,,仁果类,,92.0,51.0,0.2,0.1,13.9,0.0,0.0,0.0,0.0,100g,100,每100克可食部,
京白梨,,仁果类,,79.0,57.0,0.2,0.5,13.7,105.0,6.0,0.0,7.0,100g,100,每100克可食部,
库尔勒梨,,仁果类,,91.0,42.0,0.1,0.1,13.4,79.0,19.0,0.0,22.0,100g,100,每100克可食部,
莱阳梨,,仁果类,,80.0,54.0,0.3,0.2,14.1,82.0,8.0,0.0,10.0,100g,100,每100克可食部,
马蹄黄梨,,仁果类,,74.0,50.0,0.3,0.1,12.5,80.0,14.0,0.0,2.0,100g,100,每100克可食部,
明月梨,,仁果类,,81.0,54.0,0.3,0.2,13.3,110.0,14.0,0.0,2.0,100g,100,每100克可食部,
木梨,,仁果类,,80.0,32.0,0.4,0.1,8.2,121.0,13.0,0.0,4.0,100g,100,每100克可食部,
苹果梨,,仁果类,,94.0,53.0,0.2,0.1,13.9,180.0,19.0,0.0,4.0,100g,100,每100克可食部,
软梨,,仁果类,,68.0,32.0,0.4,0.2,11.7,105.0,19.0,0.0,25.0,100g,100,每100克可食部,
苏梅梨,,仁果类,,88.0,77.0,1.2,0.2,20.5,39.0,19.0,0.0,9.0,100g,100,每100克可食部,
苏木梨,,仁果类,,88.0,52.0,0.6,0.3,13.1,0.0,0.0,0.0,0.0,100g,100,每100克可食部,
酥梨,,仁果类,,72.0,45.0,0.3,0.1,11.4,76.0,16.0,0.0,2.0,100g,100,每100克可食部,
酸梨,,仁果类,,85.0,33.0,0.1,0.1,9.8,102.0,13.0,0.0,12.0,100g,100,每100克可食部,
香梨,,仁果类,,89.0,51.0,0.3,0.1,13.6,90.0,31.0,0.0,6.0,100g,100,每100克可食部,
雪花梨,,仁果类,,86.0,42.0,0.2,0.1,10.6,85.0,6.0,0.0,5.0,100g,100,每100克可食部,
雪梨,,仁果类,,93.0,79.0,0.9,0.1,20.2,45.0,11.0,0.0,12.0,100g,100,每100克可食部,
鸭广梨,,仁果类,,76.0,60.0,0.6,0.2,16.5,110.0,12.0,0.0,18.0,100g,100,每100克可食部,
鸭梨,,仁果类,,82.0,45.0,0.2,0.2,11.1,77.0,14.0,0.0,4.0,100g,100,每100克可食部,
早酥梨,,仁果类,,92.0,50.0,0.2,0.2,13.6,137.0,12.0,0.0,12.0,100g,100,每100克可食部,
紫酥梨,,仁果类,,59.0,51.0,0.3,0.1,13.3,86.0,16.0,0.0,1.0,100g,100,每100克可食部,
鳄梨,牛油果,仁果类,,100.0,171.0,2.0,15.3,7.4,599.0,41.0,0.0,11.0,100g,100,每100克可食部,
冬果梨（罐头）,,仁果类,,100.0,56.0,0.3,0.0,15.9,13.0,5.0,0.0,16.0,100g,100,每100克可食部,
梨（糖水罐头）,,仁果类,,100.0,36.0,0.5,0.2,8.8,15.0,3.0,0.0,2.0,100g,100,每100克可食部,
红果,山里红;大山楂,仁果类,,76.0,102.0,0.5,0.6,25.1,299.0,24.0,0.0,52.0,100g,100,每100克可食部,
红果（干）,,仁果类,,100.0,251.0,4.3,2.2,78.4,440.0,440.0,0.0,144.0,100g,100,每100克可食部,
海棠果,楸子,仁果类,,86.0,76.0,0.3,0.2,19.2,263.0,16.0,0.0,15.0,100g,100,每100克可食部,
海棠（罐头）,,仁果类,,100.0,56.0,0.5,0.2,13.6,56.0,11.0,0.0,43.0,100g,100,每100克可食部,
沙果,,仁果类,,95.0,70.0,0.4,0.1,17.8,123.0,14.0,0.0,5.0,100g,100,每100克可食部,
吊蛋,,仁果类,,95.0,65.0,0.8,0.4,16.8,136.0,9.0,0.0,11.0,100g,100,每100克可食部,
面蛋,,仁果类,,60.0,91.0,1.6,0.5,21.7,237.0,56.0,0.0,206.0,100g,100,每100克可食部,
酸刺,,仁果类,,16.0,112.0,2.8,0.3,25.5,259.0,39.0,0.0,105.0,100g,100,每100克可食部,
蛇果,,仁果类,,84.0,59.0,0.1,0.2,14.9,14.0,21.0,3.1,5.0,100g,100,每100克可食部,
桃（代表值）,,核果类,,89.0,42.0,0.6,0.1,10.1,127.0,11.0,0.0,6.0,100g,100,每100克可食部,
白粉桃,,核果类,,93.0,26.0,1.3,0.1,5.5,0.0,0.0,0.0,0.0,100g,100,每100克可食部,
高山白桃,,核果类,,69.0,42.0,0.7,0.2,10.1,169.0,11.0,0.0,7.0,100g,100,每100克可食部,
旱久保桃,,核果类,,89.0,48.0,0.9,0.1,11.3,144.0,18.0,0.0,12.0,100g,100,每100克可食部,
桃（黄桃）,,核果类,,93.0,56.0,0.5,0.1,14.0,0.0,7.0,0.0,0.0,100g,100,每100克可食部,
金红桃,,核果类,,88.0,28.0,0.7,0.1,6.6,0.0,0.0,0.0,0.0,100g,100,每100克可食部,
桃（久保桃）,,核果类,,94.0,42.0,0.6,0.1,10.0,100.0,16.0,0.0,10.0,100g,100,每100克可食部,
蜜桃,,核果类,,88.0,46.0,0.6,0.1,11.0,77.0,8.0,0.0,4.0,100g,100,每100克可食部,
蒲桃,,核果类,,69.0,39.0,0.5,0.2,10.2,109.0,14.0,0.0,4.0,100g,100,每100克可食部,
庆丰桃,,核果类,,93.0,42.0,0.6,0.1,10.1,57.0,2.0,0.0,0.0,100g,100,每100克可食部,
晚桃（黄）,,核果类,,75.0,41.0,0.7,0.2,9.6,168.0,13.0,0.0,6.0,100g,100,每100克可食部,
五月鲜桃,,核果类,,93.0,41.0,0.4,0.1,10.0,0.0,2.0,0.0,7.0,100g,100,每100克可食部,
早桃（黄）,,核果类,,73.0,41.0,0.4,0.1,10.1,155.0,10.0,0.0,4.0,100g,100,每100克可食部,
桃（糖水罐头）,,核果类,,100.0,60.0,0.3,0.2,14.5,63.0,9.0,0.0,3.0,100g,100,每100克可食部,
李子,,核果类,,91.0,38.0,0.7,0.2,8.7,144.0,11.0,0.0,8.0,100g,100,每100克可食部,
李子杏,,核果类,,92.0,37.0,1.0,0.1,8.6,103.0,11.0,0.0,3.0,100g,100,每100克可食部,
梅,青梅,核果类,,93.0,34.0,0.9,0.9,6.2,0.0,36.0,0.0,11.0,100g,100,每100克可食部,
杏,,核果类,,91.0,38.0,0.9,0.1,9.1,226.0,15.0,0.0,14.0,100g,100,每100克可食部,
杏（罐头）,,核果类,,100.0,40.0,0.6,0.2,9.7,26.0,8.0,0.0,6.0,100g,100,每100克可食部,
杏干,,核果类,,25.0,338.0,2.7,0.4,83.2,783.0,89.0,0.0,147.0,100g,100,每100克可食部,
布朗,,核果类,,87.0,44.0,0.6,0.2,10.7,14.0,11.0,0.0,5.0,100g,100,每100克可食部,
西梅,,核果类,,76.0,42.0,0.7,0.1,10.3,155.0,16.0,0.0,11.0,100g,100,每100克可食部,
枣（鲜）,,核果类,,87.0,125.0,1.1,0.3,30.5,375.0,23.0,0.0,22.0,100g,100,每100克可食部,
枣（干）,,核果类,,80.0,276.0,3.2,0.5,67.8,524.0,51.0,0.0,64.0,100g,100,每100克可食部,
枣（干，大）,,核果类,,88.0,317.0,2.1,0.4,81.1,185.0,34.0,0.0,54.0,100g,100,每100克可食部,
枣（金丝小枣）,,核果类,,81.0,308.0,1.2,1.1,76.7,65.0,0.0,0.0,23.0,100g,100,每100克可食部,
乐陵枣,,核果类,,76.0,233.0,3.3,0.6,57.9,420.0,52.0,0.0,34.0,100g,100,每100克可食部,
密云小枣,,核果类,,92.0,229.0,3.9,0.8,55.2,612.0,66.0,0.0,80.0,100g,100,每100克可食部,
黑枣（无核）,乌枣,核果类,,98.0,234.0,1.7,0.3,57.3,478.0,63.0,0.0,108.0,100g,100,每100克可食部,
黑枣（有核）,,核果类,,59.0,246.0,3.7,0.5,61.4,498.0,66.0,0.0,42.0,100g,100,每100克可食部,
酒枣,,核果类,,91.0,148.0,1.6,0.2,35.7,444.0,45.0,0.0,75.0,100g,100,每100克可食部,
蜜枣（椰枣）,,核果类,,100.0,333.0,1.3,0.2,84.4,284.0,22.0,0.0,59.0,100g,100,每100克可食部,
蜜枣（无核）,,核果类,,100.0,327.0,1.0,0.1,81.9,104.0,11.0,0.0,24.0,100g,100,每100克可食部,
冬枣,,核果类,,93.0,113.0,1.8,0.2,27.8,195.0,29.0,0.0,16.0,100g,100,每100克可食部,
小枣（干）,,核果类,,81.0,275.0,2.7,0.7,66.8,486.0,61.0,0.0,62.0,100g,100,每100克可食部,
酸枣,,核果类,,52.0,300.0,3.5,1.5,73.3,84.0,95.0,0.0,435.0,100g,100,每100克可食部,
樱桃,车厘子,核果类,,80.0,46.0,1.1,0.2,10.2,232.0,27.0,0.0,11.0,100g,100,每100克可食部,
樱桃（野，白刺）,,核果类,,23.0,304.0,11.4,3.9,59.8,100.0,28.0,0.0,59.0,100g,100,每100克可食部,
葡萄（代表值）,提子,浆果类,,86.0,45.0,0.4,0.3,10.3,127.0,13.0,0.0,9.0,100g,100,每100克可食部,
红玫瑰葡萄,,浆果类,,96.0,42.0,0.4,0.2,10.7,119.0,13.0,0.0,17.0,100g,100,每100克可食部,
葡萄（巨峰）,,浆果类,,84.0,51.0,0.4,0.2,12.0,128.0,17.0,0.0,7.0,100g,100,每100克可食部,
葡萄（马奶子）,,浆果类,,84.0,41.0,0.5,0.4,9.1,0.0,0.0,0.0,0.0,100g,100,每100克可食部,
葡萄（玫瑰香）,,浆果类,,86.0,52.0,0.4,0.4,12.1,126.0,14.0,0.0,8.0,100g,100,每100克可食部,
紫葡萄,,浆果类,,88.0,45.0,0.7,0.3,10.3,151.0,10.0,0.0,10.0,100g,100,每100克可食部,
葡萄干,,浆果类,,100.0,344.0,2.5,0.4,83.4,995.0,90.0,0.0,52.0,100g,100,每100克可食部,
石榴（代表值）,,浆果类,,57.0,72.0,1.3,0.2,18.5,231.0,70.0,0.0,6.0,100g,100,每100克可食部,
石榴（红粉皮）,,浆果类,,57.0,74.0,1.3,0.1,19.4,218.0,76.0,0.0,16.0,100g,100,每100克可食部,
石榴（玛瑙）,,浆果类,,60.0,72.0,1.6,0.2,18.4,231.0,70.0,0.0,6.0,100g,100,每100克可食部,
石榴（青皮）,,浆果类,,55.0,71.0,1.2,0.2,18.5,243.0,68.0,0.0,6.0,100g,100,每100克可食部,
柿,,浆果类,,87.0,74.0,0.4,0.1,18.5,151.0,23.0,0.0,9.0,100g,100,每100克可食部,
荷柿,,浆果类,,98.0,65.0,0.6,0.2,17.1,109.0,17.0,0.0,9.0,100g,100,每100克可食部,
磨盘柿,,浆果类,,98.0,79.0,0.7,0.1,19.6,135.0,14.0,0.0,5.0,100g,100,每100克可食部,
柿饼,,浆果类,,97.0,255.0,1.8,0.2,62.8,339.0,55.0,0.0,54.0,100g,100,每100克可食部,
桑葚（代表值）,,浆果类,,100.0,57.0,1.7,0.4,13.8,32.0,33.0,0.0,37.0,100g,100,每100克可食部,
桑葚（白）,,浆果类,,100.0,60.0,1.8,0.3,14.9,33.0,0.0,0.0,43.0,100g,100,每100克可食部,
桑葚（红）,,浆果类,,100.0,55.0,1.6,0.4,12.9,32.0,33.0,0.0,30.0,100g,100,每100克可食部,
桑葚（干）,,浆果类,,100.0,298.0,21.1,6.1,54.2,159.0,486.0,0.0,622.0,100g,100,每100克可食部,
醋栗,灯笼果,浆果类,,100.0,46.0,0.9,0.6,10.2,198.0,27.0,0.0,25.0,100g,100,每100克可食部,
黑醋栗,黑加仑,浆果类,,100.0,66.0,1.4,0.4,15.4,322.0,59.0,0.0,55.0,100g,100,每100克可食部,
沙棘,,浆果类,,87.0,120.0,0.9,1.8,25.5,359.0,54.0,0.0,104.0,100g,100,每100克可食部,
无花果,,浆果类,,100.0,65.0,1.5,0.1,16.0,212.0,18.0,0.0,67.0,100g,100,每100克可食部,
中华猕猴桃,毛叶猕猴桃;奇异果,浆果类,,83.0,61.0,0.8,0.6,14.5,144.0,26.0,0.0,27.0,100g,100,每100克可食部,
草莓,洋莓;凤阳草莓;士多啤梨,浆果类,,97.0,32.0,1.0,0.2,7.1,131.0,27.0,0.0,18.0,100g,100,每100克可食部,
红提子葡萄,,浆果类,,86.0,54.0,0.4,0.2,13.1,186.0,20.0,0.0,2.0,100g,100,每100克可食部,
无花果（干）,,浆果类,,100.0,361.0,3.6,4.3,77.8,898.0,67.0,0.0,363.0,100g,100,每100克可食部,
橙,,柑橘类,,74.0,48.0,0.8,0.2,11.1,159.0,22.0,0.0,20.0,100g,100,每100克可食部,
柑桔（均值）,,柑橘类,,77.0,51.0,0.7,0.2,11.9,154.0,18.0,0.0,35.0,100g,100,每100克可食部,
福橘,,柑橘类,,67.0,46.0,1.0,0.2,10.3,127.0,5.0,0.0,27.0,100g,100,每100克可食部,
橘柑子,宽皮桂,柑橘类,,78.0,44.0,0.8,0.1,10.2,128.0,18.0,0.0,24.0,100g,100,每100克可食部,
橘（金橘）,金枣,柑橘类,,89.0,58.0,1.0,0.2,13.7,144.0,20.0,0.0,56.0,100g,100,每100克可食部,
芦橘,,柑橘类,,77.0,44.0,0.6,0.2,10.3,54.0,25.0,0.0,45.0,100g,100,每100克可食部,
蜜橘,,柑橘类,,76.0,45.0,0.8,0.4,10.3,177.0,18.0,0.0,19.0,100g,100,每100克可食部,
三湖红橘,,柑橘类,,68.0,43.0,0.8,0.3,10.0,250.0,25.0,0.0,33.0,100g,100,每100克可食部,
橘（四川红橘）,,柑橘类,,78.0,42.0,0.7,0.1,9.8,105.0,25.0,0.0,42.0,100g,100,每100克可食部,
小叶橘,,柑橘类,,81.0,40.0,1.1,0.2,8.8,124.0,16.0,0.0,72.0,100g,100,每100克可食部,
早橘,,柑橘类,,82.0,57.0,1.2,0.2,12.6,131.0,22.0,0.0,21.0,100g,100,每100克可食部,
橘饼,,柑橘类,,100.0,371.0,0.6,0.4,92.9,4.0,6.0,0.0,125.0,100g,100,每100克可食部,
柚,文旦,柑橘类,,69.0,42.0,0.8,0.2,9.5,119.0,24.0,0.0,4.0,100g,100,每100克可食部,
柠檬,,柑橘类,,66.0,37.0,1.1,1.2,6.2,209.0,22.0,0.0,101.0,100g,100,每100克可食部,
葡萄柚,西柚,柑橘类,,73.0,33.0,0.7,0.3,7.8,60.0,17.0,0.0,21.0,100g,100,每100克可食部,
芭蕉,甘蕉;板蕉;牙蕉,热带、亚热带水果,,68.0,115.0,1.2,0.1,28.9,330.0,18.0,0.0,6.0,100g,100,每100克可食部,
菠萝,凤梨;地菠萝,热带、亚热带水果,,68.0,44.0,0.5,0.1,10.8,113.0,9.0,0.0,12.0,100g,100,每100克可食部,
菠萝蜜,木菠萝,热带、亚热带水果,,43.0,105.0,0.2,0.3,25.7,330.0,18.0,0.0,9.0,100g,100,每100克可食部,
刺梨,茨梨;木梨子,热带、亚热带水果,,100.0,63.0,0.7,0.1,16.9,0.0,13.0,0.0,68.0,100g,100,每100克可食部,
番石榴,鸡矢果;番桃,热带、亚热带水果,,97.0,53.0,1.1,0.4,14.2,235.0,16.0,0.0,13.0,100g,100,每100克可食部,
桂圆,,热带、亚热带水果,,50.0,71.0,1.2,0.1,16.6,248.0,30.0,0.0,6.0,100g,100,每100克可食部,
桂圆（干）,,热带、亚热带水果,,37.0,277.0,5.0,0.2,64.8,1348.0,206.0,0.0,38.0,100g,100,每100克可食部,
桂圆肉,,热带、亚热带水果,,100.0,317.0,4.6,1.0,73.5,129.0,120.0,0.0,39.0,100g,100,每100克可食部,
黄皮果,,热带、亚热带水果,,59.0,39.0,1.6,0.2,9.9,226.0,0.0,0.0,0.0,100g,100,每100克可食部,
荔枝,,热带、亚热带水果,,73.0,71.0,0.9,0.2,16.6,151.0,24.0,0.0,2.0,100g,100,每100克可食部,
芒果,抹猛果;望果,热带、亚热带水果,,60.0,35.0,0.6,0.2,8.3,138.0,11.0,0.0,0.0,100g,100,每100克可食部,
木瓜,番木瓜,热带、亚热带水果,,86.0,29.0,0.4,0.1,7.0,18.0,12.0,0.0,17.0,100g,100,每100克可食部,
人参果,,热带、亚热带水果,,88.0,86.0,0.6,0.7,21.2,100.0,7.0,0.0,13.0,100g,100,每100克可食部,
杨梅,树梅;山杨梅,热带、亚热带水果,,82.0,30.0,0.8,0.2,6.7,149.0,8.0,0.0,14.0,100g,100,每100克可食部,
杨桃,,热带、亚热带水果,,88.0,31.0,0.6,0.2,7.4,128.0,18.0,0.0,4.0,100g,100,每100克可食部,
椰子,,热带、亚热带水果,,33.0,241.0,4.0,12.1,31.3,475.0,90.0,0.0,2.0,100g,100,每100克可食部,
枇杷,,热带、亚热带水果,,62.0,41.0,0.8,0.2,9.3,122.0,8.0,0.0,17.0,100g,100,每100克可食部,
橄榄（白榄）,,热带、亚热带水果,,80.0,57.0,0.8,0.2,15.1,23.0,18.0,0.0,49.0,100g,100,每100克可食部,
余柑子,油柑子,热带、亚热带水果,,80.0,45.0,0.3,0.1,12.4,15.0,9.0,0.0,6.0,100g,100,每100克可食部,
红毛丹,,热带、亚热带水果,,79.0,82.0,1.0,1.2,17.5,13.0,20.0,0.0,11.0,100g,100,每100克可食部,
火龙果,仙蜜果;红龙果,热带、亚热带水果,,69.0,55.0,1.1,0.2,13.3,20.0,35.0,0.0,7.0,100g,100,每100克可食部,
荔枝（干）,,热带、亚热带水果,,56.0,328.0,4.5,1.2,77.4,0.0,114.0,0.0,12.0,100g,100,每100克可食部,
榴莲,,热带、亚热带水果,,37.0,150.0,2.6,3.3,28.3,261.0,38.0,0.0,4.0,100g,100,每100克可食部,
芒果（大头）,,热带、亚热带水果,,68.0,52.0,0.5,0.1,12.9,153.0,12.0,0.0,7.0,100g,100,每100克可食部,
酸木瓜,,热带、亚热带水果,,79.0,41.0,0.3,0.2,11.1,260.0,11.0,0.0,20.0,100g,100,每100克可食部,
山竹,,热带、亚热带水果,,25.0,72.0,0.4,0.2,18.0,48.0,9.0,0.0,11.0,100g,100,每100克可食部,
香蕉（红皮）,,热带、亚热带水果,,70.0,86.0,1.1,0.2,19.7,208.0,17.0,0.0,9.0,根,100,1根香蕉约100g,
香蕉,甘蕉,热带、亚热带水果,,59.0,93.0,1.4,0.2,22.0,256.0,28.0,0.0,7.0,根,100,1根香蕉约100g,
白金瓜,,瓜果类,,70.0,25.0,0.4,0.0,6.2,182.0,13.0,0.0,12.0,100g,100,每100克可食部,
白兰瓜,,瓜果类,,55.0,23.0,0.6,0.1,5.3,0.0,13.0,0.0,24.0,100g,100,每100克可食部,
哈蜜瓜,,瓜果类,,71.0,34.0,0.5,0.1,7.9,190.0,19.0,0.0,4.0,100g,100,每100克可食部,
黄河蜜瓜,,瓜果类,,56.0,11.0,0.4,0.0,4.0,0.0,0.0,0.0,0.0,100g,100,每100克可食部,
金塔寺瓜,,瓜果类,,81.0,10.0,0.6,0.1,2.0,0.0,0.0,0.0,0.0,100g,100,每100克可食部,
灵蜜瓜,,瓜果类,,71.0,4.0,0.5,0.1,0.4,62.0,1.0,0.0,12.0,100g,100,每100克可食部,
麻醉瓜,,瓜果类,,66.0,17.0,0.7,0.1,3.6,0.0,0.0,0.0,0.0,100g,100,每100克可食部,
甜瓜,香瓜,瓜果类,,78.0,26.0,0.4,0.1,6.2,139.0,17.0,0.0,14.0,100g,100,每100克可食部,
西瓜（代表值）,,瓜果类,,59.0,31.0,0.5,0.3,6.8,97.0,12.0,0.0,7.0,100g,100,每100克可食部,
西瓜（京欣一号）,,瓜果类,,59.0,34.0,0.5,0.0,8.1,79.0,13.0,0.0,10.0,100g,100,每100克可食部,
西瓜（郑州三号）,,瓜果类,,59.0,26.0,0.6,0.1,5.7,115.0,11.0,0.0,4.0,100g,100,每100克可食部,
西瓜（忠于6号，黑皮）,,瓜果类,,64.0,32.0,0.5,0.5,6.5,0.0,0.0,0.0,0.0,100g,100,每100克可食部,
子瓜,,瓜果类,,46.0,5.0,0.2,0.3,0.6,0.0,0.0,0.0,0.0,100g,100,每100克可食部,
小西瓜,地雷瓜,瓜果类,,62.0,30.0,0.8,0.1,6.7,177.0,9.0,0.0,6.0,100g,100,每100克可食部,
白果（干）,银杏,树坚果,,67.0,355.0,13.2,1.3,72.6,17.0,23.0,0.0,54.0,100g,100,每100克可食部,
核桃（鲜）,,树坚果,,43.0,336.0,12.8,29.9,6.1,0.0,0.0,0.0,0.0,100g,100,每100克可食部,
核桃（干）,胡桃,树坚果,,43.0,646.0,14.9,58.8,19.1,385.0,294.0,0.0,56.0,100g,100,每100克可食部,
毛核桃,,树坚果,,38.0,184.0,12.0,6.7,21.7,0.0,0.0,0.0,0.0,100g,100,每100克可食部,
山核桃（干）,,树坚果,,24.0,616.0,18.0,50.4,26.2,237.0,521.0,0.0,57.0,100g,100,每100克可食部,
栗子（鲜）,板栗,树坚果,,80.0,188.0,4.2,0.7,42.2,442.0,89.0,0.0,17.0,100g,100,每100克可食部,
栗子（干）,板栗,树坚果,,73.0,348.0,5.3,1.7,78.4,0.0,0.0,0.0,0.0,100g,100,每100克可食部,
栗子（熟）,板栗,树坚果,,78.0,214.0,4.8,1.5,46.0,0.0,91.0,0.0,15.0,100g,100,每100克可食部,
松子（生）,,树坚果,,32.0,665.0,12.6,62.6,19.0,184.0,620.0,0.0,3.0,100g,100,每100克可食部,
松子（炒）,,树坚果,,31.0,644.0,14.1,58.5,21.4,612.0,227.0,0.0,161.0,100g,100,每100克可食部,
松子仁,,树坚果,,100.0,718.0,13.4,70.6,12.2,502.0,569.0,0.0,78.0,100g,100,每100克可食部,
杏仁,,树坚果,,100.0,578.0,22.5,45.4,23.9,106.0,27.0,0.0,97.0,100g,100,每100克可食部,
杏仁（大杏仁）,,树坚果,,100.0,540.0,19.9,42.9,27.8,169.0,4.0,0.0,49.0,100g,100,每100克可食部,
杏仁（炒）,,树坚果,,91.0,618.0,25.7,51.0,18.7,0.0,202.0,0.0,141.0,100g,100,每100克可食部,
杏仁（原味）,,树坚果,,100.0,596.0,21.3,50.6,19.7,728.0,474.0,0.0,248.0,100g,100,每100克可食部,
杏仁（漂白后）,,树坚果,,100.0,602.0,21.9,50.6,19.9,687.0,480.0,0.0,216.0,100g,100,每100克可食部,
杏仁（过油炸干）,,树坚果,,100.0,631.0,21.2,55.2,17.7,699.0,466.0,0.0,291.0,100g,100,每100克可食部,
杏仁（烤干，不加盐）,,树坚果,,100.0,617.0,22.1,52.8,19.3,746.0,489.0,0.0,266.0,100g,100,每100克可食部,
杏仁（烤干，加盐）,,树坚果,,100.0,617.0,22.1,52.8,19.3,746.0,489.0,0.0,266.0,100g,100,每100克可食部,
橡实,橡子;青冈子,树坚果,,70.0,233.0,4.0,2.0,50.5,0.0,64.0,0.0,112.0,100g,100,每100克可食部,
榛子（干）,,树坚果,,27.0,561.0,20.0,44.8,24.3,1244.0,422.0,0.0,104.0,100g,100,每100克可食部,
榛子（炒）,,树坚果,,21.0,611.0,30.5,50.3,13.1,686.0,423.0,153.0,815.0,100g,100,每100克可食部,
山核桃（熟）,小核桃,树坚果,,45.0,658.0,8.3,64.5,21.3,4.0,279.0,0.0,132.0,100g,100,每100克可食部,
栗子,板栗,树坚果,,80.0,186.0,4.4,1.6,39.6,0.0,72.0,0.0,16.0,100g,100,每100克可食部,
松子,,树坚果,,69.0,553.0,12.9,40.4,40.3,1003.0,453.0,0.0,14.0,100g,100,每100克可食部,
杏仁（熟，带壳）,,树坚果,,63.0,648.0,25.1,58.4,11.0,668.0,565.0,0.0,240.0,100g,100,每100克可食部,
杏仁（熟，去壳）,,树坚果,,100.0,625.0,28.0,54.4,11.1,693.0,341.0,0.0,174.0,100g,100,每100克可食部,
腰果（熟）,,树坚果,,100.0,615.0,24.0,50.9,20.4,680.0,639.0,0.0,19.0,100g,100,每100克可食部,
榛子（熟）,,树坚果,,66.0,642.0,12.5,57.3,25.6,1001.0,369.0,0.0,95.0,100g,100,每100克可食部,
榛子仁（熟）,,树坚果,,100.0,628.0,15.6,52.9,26.7,807.0,336.0,0.0,86.0,100g,100,每100克可食部,
开心果（熟）,,树坚果,,82.0,631.0,20.6,53.0,21.9,735.0,468.0,0.0,108.0,100g,100,每100克可食部,
香榧（熟）,,树坚果,,61.0,644.0,12.4,57.0,26.9,664.0,248.0,0.0,83.0,100g,100,每100克可食部,
胡麻子,,种子,,98.0,450.0,19.1,30.7,39.5,408.0,577.0,0.0,228.0,100g,100,每100克可食部,
花生（鲜）,落花生;长生果,种子,,53.0,313.0,12.0,25.4,13.0,390.0,250.0,0.0,8.0,100g,100,每100克可食部,
花生（炒）,,种子,,71.0,601.0,21.7,48.0,23.8,563.0,326.0,0.0,47.0,100g,100,每100克可食部,
花生仁（生）,,种子,,100.0,574.0,24.8,44.3,21.7,587.0,324.0,0.0,39.0,100g,100,每100克可食部,
花生仁（炒）,,种子,,100.0,589.0,23.9,44.4,25.7,674.0,315.0,0.0,284.0,100g,100,每100克可食部,
葵花子（生）,,种子,,50.0,609.0,23.9,49.9,19.1,562.0,238.0,0.0,72.0,100g,100,每100克可食部,
"葵花子（炒,咸）",,种子,,52.0,625.0,22.6,52.8,17.3,491.0,564.0,0.0,72.0,100g,100,每100克可食部,
葵花子仁,,种子,,100.0,615.0,19.1,53.4,16.7,547.0,604.0,0.0,115.0,100g,100,每100克可食部,
莲子（干）,,种子,,100.0,350.0,17.2,2.0,67.2,846.0,550.0,0.0,97.0,100g,100,每100克可食部,
莲子（糖水罐头）,,种子,,100.0,202.0,2.8,0.5,46.9,27.0,133.0,0.0,24.0,100g,100,每100克可食部,
南瓜子（炒）,白瓜子,种子,,68.0,582.0,36.0,46.1,7.9,672.0,0.0,0.0,37.0,100g,100,每100克可食部,
南瓜子仁,,种子,,100.0,576.0,33.2,48.1,4.9,102.0,1159.0,0.0,16.0,100g,100,每100克可食部,
西瓜子（炒）,,种子,,43.0,582.0,32.7,44.8,14.2,612.0,765.0,0.0,28.0,100g,100,每100克可食部,
西瓜子,,种子,,38.0,567.0,30.3,46.5,13.4,516.0,868.0,0.0,392.0,100g,100,每100克可食部,
西瓜子仁,,种子,,100.0,566.0,32.4,45.9,8.6,186.0,818.0,0.0,0.0,100g,100,每100克可食部,
芝麻籽（白）,,种子,,100.0,536.0,18.4,39.6,31.5,266.0,513.0,0.0,620.0,100g,100,每100克可食部,
芝麻籽（黑）,,种子,,100.0,559.0,19.1,46.1,24.0,358.0,516.0,0.0,780.0,100g,100,每100克可食部,
芡实米（鲜）,鸡头米,种子,,47.0,145.0,4.4,0.2,31.5,0.0,110.0,0.0,9.0,100g,100,每100克可食部,
芡实米（干）,鸡头米,种子,,100.0,352.0,8.3,0.3,79.6,60.0,56.0,0.0,37.0,100g,100,每100克可食部,
花生（烤，勤俭牌）,,种子,,72.0,586.0,26.4,46.3,21.2,541.0,376.0,0.0,79.0,100g,100,每100克可食部,
花生（烤，密日兴牌）,,种子,,71.0,475.0,16.6,22.3,55.9,344.0,299.0,0.0,23.0,100g,100,每100克可食部,
花生仁（油炸）,,种子,,100.0,583.0,22.2,47.1,26.2,551.0,474.0,0.0,20.0,100g,100,每100克可食部,
葵花子（熟，奶油香）,,种子,,51.0,620.0,22.7,54.1,17.9,423.0,925.0,0.0,77.0,100g,100,每100克可食部,
葵花子（熟，原味）,,种子,,48.0,591.0,28.5,49.0,15.1,399.0,1032.0,0.0,112.0,100g,100,每100克可食部,
南瓜子（熟）,白瓜子,种子,,69.0,615.0,26.6,52.8,12.9,610.0,1.34,0.0,26.0,100g,100,每100克可食部,
西瓜子（熟）,黑瓜子,种子,,38.0,550.0,29.0,46.0,9.5,880.0,1080.0,0.0,44.0,100g,100,每100克可食部,
猪肉（肥瘦）（均值）,,猪,,100.0,395.0,13.2,37.0,2.4,204.0,162.0,59.4,6.0,100g,100,每100克可食部,
猪肉（肥）,,猪,,100.0,807.0,2.4,88.6,0.0,23.0,18.0,19.5,3.0,100g,100,每100克可食部,
猪肉（后臀尖）,,猪,,97.0,336.0,14.6,30.8,0.0,178.0,130.0,57.5,5.0,100g,100,每100克可食部,
猪肉（后肘）,,猪,,73.0,320.0,17.0,28.0,0.0,188.0,142.0,76.8,6.0,100g,100,每100克可食部,
猪肉（肋条肉）,,猪,,96.0,568.0,9.3,59.0,0.0,214.0,96.0,80.0,6.0,100g,100,每100克可食部,
猪肉（里脊）,,猪,,100.0,150.0,19.6,7.9,0.7,317.0,184.0,43.2,6.0,100g,100,每100克可食部,
猪肉（奶脯）,软五花;猪夹心,猪,,85.0,349.0,7.7,35.3,0.0,53.0,67.0,36.7,5.0,100g,100,每100克可食部,
猪肉（奶面）,硬五花,猪,,79.0,339.0,13.6,30.6,2.2,168.0,120.0,52.0,6.0,100g,100,每100克可食部,
猪肉（前肘）,,猪,,77.0,287.0,17.3,22.9,2.9,137.0,181.0,122.3,5.0,100g,100,每100克可食部,
猪肉（瘦）,,猪,,100.0,153.0,20.7,7.8,0.0,305.0,189.0,57.5,6.0,掌心,100,1掌心瘦猪肉约100g,
猪肉（腿）,,猪,,100.0,190.0,17.9,12.8,0.8,295.0,185.0,63.0,6.0,100g,100,每100克可食部,
猪肉（猪脖）,,猪,,90.0,577.0,8.0,60.5,0.0,99.0,77.0,54.0,4.0,100g,100,每100克可食部,
猪大肠,,猪,,100.0,196.0,6.9,18.7,0.0,44.0,56.0,116.3,10.0,100g,100,每100克可食部,
猪大排,,猪,,68.0,264.0,18.3,20.4,1.7,274.0,125.0,44.5,8.0,100g,100,每100克可食部,
猪耳,,猪,,100.0,176.0,19.1,11.1,0.0,58.0,28.0,68.2,6.0,100g,100,每100克可食部,
猪蹄,,猪,,60.0,260.0,22.6,18.8,0.0,54.0,33.0,101.0,33.0,100g,100,每100克可食部,
猪蹄筋,,猪,,100.0,156.0,35.3,1.4,0.5,46.0,40.0,178.0,15.0,100g,100,每100克可食部,
猪头皮,,猪,,100.0,499.0,11.8,44.6,12.7,62.0,37.0,72.4,13.0,100g,100,每100克可食部,
猪小排,,猪,,70.0,295.0,16.8,25.3,0.0,222.0,101.0,62.6,14.0,100g,100,每100克可食部,
猪肘棒,,猪,,67.0,248.0,16.5,16.0,9.4,148.0,122.0,80.0,19.0,100g,100,每100克可食部,
猪皮,,猪,,100.0,363.0,27.4,28.1,0.0,62.0,37.0,72.4,13.0,100g,100,每100克可食部,
猪胆肝,,猪,,100.0,336.0,44.2,6.4,25.3,855.0,325.0,3625.0,12.0,100g,100,每100克可食部,
猪肚,,猪,,96.0,110.0,15.2,5.1,0.7,171.0,124.0,75.1,11.0,100g,100,每100克可食部,
猪肺,,猪,,97.0,84.0,12.2,3.9,0.1,210.0,165.0,81.4,6.0,100g,100,每100克可食部,
猪肝,猪润,猪,,99.0,129.0,19.3,3.5,5.0,235.0,310.0,68.6,6.0,100g,100,每100克可食部,
猪脑,,猪,,100.0,131.0,10.8,9.8,0.0,259.0,294.0,130.7,30.0,100g,100,每100克可食部,
猪脾,,猪,,100.0,94.0,13.2,3.2,3.1,234.0,111.0,26.1,1.0,100g,100,每100克可食部,
猪舌,口条,猪,,94.0,233.0,15.7,18.1,1.7,216.0,163.0,79.4,13.0,100g,100,每100克可食部,
猪肾,猪腰子,猪,,93.0,96.0,15.4,3.2,1.4,217.0,215.0,134.2,12.0,100g,100,每100克可食部,
猪肾（腰子）,,猪,,92.0,137.0,16.0,8.1,0.0,194.0,232.0,124.8,2.0,100g,100,每100克可食部,
猪小肠,,猪,,100.0,65.0,10.0,2.0,1.7,142.0,95.0,204.8,7.0,100g,100,每100克可食部,
猪心,,猪,,97.0,119.0,16.6,5.3,1.1,260.0,189.0,71.2,12.0,100g,100,每100克可食部,
猪血,猪红,猪,,100.0,55.0,12.2,0.3,0.9,56.0,16.0,56.0,4.0,100g,100,每100克可食部,
叉烧肉,,猪,,100.0,279.0,23.8,16.9,7.9,430.0,218.0,818.8,8.0,100g,100,每100克可食部,
宫爆肉丁（罐头）,,猪,,100.0,353.0,17.7,27.6,8.4,113.0,140.0,471.9,47.0,100g,100,每100克可食部,
酱汁肉,,猪,,96.0,549.0,15.5,50.4,8.4,110.0,90.0,257.4,9.0,100g,100,每100克可食部,
腊肉（培根）,,猪,,100.0,181.0,22.3,9.0,2.6,294.0,228.0,51.2,2.0,100g,100,每100克可食部,
腊肉（生）,,猪,,100.0,498.0,11.8,48.8,2.9,416.0,249.0,763.9,22.0,100g,100,每100克可食部,
卤猪杂,,猪,,100.0,186.0,24.6,4.8,11.0,121.0,142.0,881.4,14.0,100g,100,每100克可食部,
午餐肉,,猪,,100.0,229.0,9.4,15.9,12.0,146.0,81.0,981.9,57.0,100g,100,每100克可食部,
咸肉,,猪,,100.0,390.0,16.5,36.0,0.0,387.0,112.0,195.6,10.0,100g,100,每100克可食部,
猪肉罐头（珍珠里脊丝，罐头）,,猪,,100.0,225.0,6.7,17.3,10.5,136.0,61.0,572.3,34.0,100g,100,每100克可食部,
猪肝（卤煮）,,猪,,100.0,203.0,26.4,8.3,5.6,188.0,153.0,674.7,68.0,100g,100,每100克可食部,
猪肉（清蒸）,,猪,,100.0,198.0,18.4,13.8,0.0,134.0,113.0,210.6,4.0,100g,100,每100克可食部,
猪蹄（熟）,,猪,,43.0,260.0,23.6,17.0,3.2,18.0,52.0,363.2,32.0,100g,100,每100克可食部,
猪肘棒（熟）,,猪,,72.0,314.0,21.3,24.5,2.1,106.0,102.0,753.9,55.0,100g,100,每100克可食部,
猪肉松（均值）,,猪,,100.0,396.0,23.4,11.5,49.7,313.0,162.0,469.0,41.0,100g,100,每100克可食部,
福建式肉松,,猪,,100.0,493.0,25.1,26.0,39.7,264.0,151.0,1419.9,3.0,100g,100,每100克可食部,
老年保健肉松,,猪,,100.0,458.0,35.8,20.5,32.5,451.0,249.0,2301.7,33.0,100g,100,每100克可食部,
太仓肉松,,猪,,100.0,316.0,38.6,8.3,21.6,300.0,179.0,1880.0,53.0,100g,100,每100克可食部,
火腿心全精肉（雪舫蒋牌）,,猪,,100.0,322.0,37.0,19.3,0.0,836.0,391.0,2268.2,22.0,100g,100,每100克可食部,
火腿心肉（生，金云牌）,,猪,,81.0,528.0,22.2,48.8,1.8,367.0,62.0,763.9,15.0,100g,100,每100克可食部,
酱排骨,,猪,,80.0,366.0,21.7,26.7,9.6,226.0,103.0,825.5,10.0,100g,100,每100克可食部,
猪肉罐头（香糟块肉）,,猪,,100.0,542.0,15.5,53.3,0.0,103.0,122.0,747.8,30.0,100g,100,每100克可食部,
猪里脊（熏烤小里脊）,,猪,,100.0,153.0,17.7,3.9,11.8,718.0,263.0,814.2,6.0,100g,100,每100克可食部,
猪肉脯,,猪,,100.0,378.0,28.0,8.8,46.6,381.0,233.0,1638.2,17.0,100g,100,每100克可食部,
肉酥,,猪,,100.0,509.0,30.7,27.1,35.5,278.0,256.0,1540.7,11.0,100g,100,每100克可食部,
扒猪脸,,猪,,100.0,347.0,18.8,29.6,1.4,75.0,81.0,392.7,15.0,100g,100,每100克可食部,
酱肘子,,猪,,100.0,202.0,29.6,8.5,1.8,57.0,140.0,197.0,15.0,100g,100,每100克可食部,
火腿肉（藏香猪）,,猪,,82.0,503.0,29.1,40.7,5.0,30.0,118.0,298.0,236.0,100g,100,每100克可食部,
凤干肉（藏香猪）,,猪,,87.0,598.0,27.1,53.6,1.7,26.0,145.0,921.0,207.0,100g,100,每100克可食部,
茶肠,,猪,,100.0,329.0,9.0,29.6,6.7,178.0,150.0,723.2,2.0,100g,100,每100克可食部,
大腊肠,,猪,,100.0,267.0,12.9,20.1,8.6,159.0,66.0,1099.1,24.0,100g,100,每100克可食部,
大肉肠,,猪,,100.0,273.0,12.0,22.9,4.6,233.0,97.0,1370.4,67.0,100g,100,每100克可食部,
蛋清肠,,猪,,100.0,278.0,12.5,22.8,5.8,161.0,85.0,1143.2,26.0,100g,100,每100克可食部,
儿童肠,,猪,,100.0,290.0,13.1,19.6,15.3,218.0,101.0,0.0,12.0,100g,100,每100克可食部,
风干肠,,猪,,100.0,283.0,12.4,23.3,5.9,163.0,121.0,618.0,18.0,100g,100,每100克可食部,
广东香肠,,猪,,100.0,433.0,18.0,37.3,6.4,356.0,173.0,1477.9,5.0,100g,100,每100克可食部,
红果肠,,猪,,100.0,260.0,10.2,15.3,20.3,145.0,97.0,781.3,22.0,100g,100,每100克可食部,
火腿肠,,猪,,100.0,212.0,14.0,10.4,15.6,217.0,187.0,771.2,9.0,100g,100,每100克可食部,
腊肠,,猪,,100.0,584.0,22.0,48.3,15.3,100.0,69.0,1420.0,24.0,100g,100,每100克可食部,
松江肠,,猪,,100.0,402.0,12.3,26.5,28.5,195.0,202.0,759.0,5.0,100g,100,每100克可食部,
蒜肠,,猪,,100.0,309.0,7.5,25.4,12.7,92.0,74.0,561.5,13.0,100g,100,每100克可食部,
香肠,,猪,,100.0,508.0,24.1,40.7,11.2,453.0,198.0,2309.2,14.0,100g,100,每100克可食部,
香肠（罐头）,,猪,,100.0,290.0,7.9,28.1,1.3,70.0,52.0,874.3,6.0,100g,100,每100克可食部,
小红肠,,猪,,100.0,280.0,11.8,23.2,6.0,183.0,161.0,682.2,10.0,100g,100,每100克可食部,
小泥肠,,猪,,100.0,295.0,11.3,26.3,3.2,132.0,170.0,648.2,20.0,100g,100,每100克可食部,
午餐肠,,猪,,100.0,261.0,2.9,16.6,24.9,102.0,51.0,552.8,2.0,100g,100,每100克可食部,
午餐肚,,猪,,100.0,181.0,9.3,0.5,34.7,57.0,19.0,294.4,36.0,100g,100,每100克可食部,
方腿,,猪,,100.0,117.0,16.2,5.0,1.9,222.0,202.0,424.5,1.0,100g,100,每100克可食部,
火腿,,猪,,100.0,330.0,16.0,27.4,4.9,220.0,90.0,1086.7,3.0,100g,100,每100克可食部,
金华火腿,,猪,,100.0,318.0,16.4,28.0,0.1,389.0,125.0,233.4,9.0,100g,100,每100克可食部,
火腿肠（圆腿）,,猪,,100.0,139.0,18.4,6.5,1.6,247.0,199.0,373.4,3.0,100g,100,每100克可食部,
脆皮肠,,猪,,100.0,302.0,16.6,24.0,4.8,542.0,287.0,992.7,13.0,100g,100,每100克可食部,
热狗肠,,猪,,100.0,307.0,13.2,25.2,6.9,613.0,211.0,861.9,10.0,100g,100,每100克可食部,
火腿肠（双汇牌）,,猪,,100.0,215.0,12.1,14.6,8.8,130.0,157.0,1119.5,19.0,100g,100,每100克可食部,
牛肉（代表值）,,牛,,100.0,160.0,20.0,8.7,0.5,212.0,182.0,64.1,5.0,100g,100,每100克可食部,
牛肉（肋条）,,牛,,100.0,123.0,18.6,5.4,0.0,217.0,120.0,66.6,19.0,100g,100,每100克可食部,
牛肉（后腿）,,牛,,100.0,106.0,20.9,2.0,1.1,197.0,210.0,45.4,5.0,100g,100,每100克可食部,
牛肉（后腱）,,牛,,94.0,98.0,20.1,1.0,2.2,182.0,195.0,85.3,5.0,100g,100,每100克可食部,
牛肉（里脊）,,牛,,100.0,107.0,22.2,0.9,2.4,140.0,241.0,75.1,3.0,100g,100,每100克可食部,
牛肉（前腿）,,牛,,100.0,105.0,19.2,1.8,2.9,176.0,181.0,69.9,5.0,100g,100,每100克可食部,
牛肉（前腱）,,牛,,95.0,113.0,20.3,1.3,5.1,182.0,181.0,83.1,5.0,100g,100,每100克可食部,
牛肉（瘦）,,牛,,100.0,106.0,20.2,2.3,1.2,284.0,172.0,53.6,9.0,100g,100,每100克可食部,
牛蹄筋,,牛,,100.0,151.0,34.1,0.5,2.6,23.0,150.0,153.6,5.0,100g,100,每100克可食部,
牛蹄筋（泡发）,,牛,,100.0,25.0,6.0,0.02,0.2,1.0,5.0,81.0,6.0,100g,100,每100克可食部,
牛肉（背部肉）,上脑,牛,,100.0,193.0,17.4,12.4,3.0,0.0,0.0,0.0,0.0,100g,100,每100克可食部,
牛肉（里脊肉）,牛柳,牛,,100.0,134.0,22.3,5.0,0.0,140.0,241.0,75.1,3.0,100g,100,每100克可食部,
牛肉（臀部肉）,紫盖;白板,牛,,100.0,117.0,22.6,2.6,0.9,325.0,159.0,40.2,2.0,100g,100,每100克可食部,
牛肉（肩部肉）,肩肉,牛,,100.0,342.0,14.1,31.7,0.0,0.0,0.0,0.0,0.0,100g,100,每100克可食部,
牛肉（胸部肉）,牛楠,牛,,100.0,326.0,16.6,28.8,0.0,0.0,0.0,0.0,0.0,100g,100,每100克可食部,
牛肉（腹部肉）,牛楠,牛,,100.0,332.0,17.1,29.3,0.0,0.0,0.0,0.0,0.0,100g,100,每100克可食部,
牛肉（膝圆肉）,和尚头,牛,,100.0,106.0,22.4,1.8,0.1,316.0,154.0,43.5,1.0,100g,100,每100克可食部,
牛肉（股内肉）,针扒;米龙;黄瓜条,牛,,100.0,119.0,22.8,2.9,0.4,275.0,141.0,37.8,2.0,100g,100,每100克可食部,
牛肉（小腿肉）,牛展;牛腱子,牛,,100.0,122.0,23.0,3.3,0.0,182.0,181.0,83.1,5.0,100g,100,每100克可食部,
牦牛肉,,牛,,100.0,119.0,23.1,1.4,3.4,37.0,208.0,25.8,28.0,100g,100,每100克可食部,
牦牛牛腱肉（冻，鲜）,,牛,,100.0,100.0,21.2,0.8,2.0,38.0,207.0,39.1,9.0,100g,100,每100克可食部,
牦牛牛霖肉（冻，鲜）,,牛,,100.0,110.0,22.5,1.0,2.7,42.0,230.0,30.3,8.0,100g,100,每100克可食部,
牛鞭（泡发）,,牛,,100.0,117.0,27.2,0.9,0.0,4.0,18.0,32.0,10.0,100g,100,每100克可食部,
牛大肠,,牛,,100.0,66.0,11.0,2.3,0.4,55.0,102.0,28.0,12.0,100g,100,每100克可食部,
牛肚,,牛,,100.0,72.0,14.5,1.6,0.0,162.0,104.0,60.6,40.0,100g,100,每100克可食部,
牛肺,,牛,,100.0,95.0,16.5,2.5,1.5,197.0,269.0,154.8,8.0,100g,100,每100克可食部,
牛肝,,牛,,100.0,139.0,19.8,3.9,6.2,185.0,252.0,45.0,4.0,100g,100,每100克可食部,
牛脑,,牛,,100.0,149.0,12.5,11.0,0.1,300.0,435.0,185.6,6.0,100g,100,每100克可食部,
牛舌,,牛,,100.0,196.0,17.0,13.3,2.0,236.0,151.0,58.4,6.0,100g,100,每100克可食部,
牛肾,,牛,,89.0,94.0,15.6,2.4,2.6,190.0,214.0,180.8,8.0,100g,100,每100克可食部,
牛心,,牛,,100.0,106.0,15.4,3.5,3.1,282.0,178.0,47.9,4.0,100g,100,每100克可食部,
牛百叶（黑）,,牛,,100.0,70.0,13.2,1.9,0.0,162.0,104.0,60.6,40.0,100g,100,每100克可食部,
酱牛肉,,牛,,100.0,246.0,31.4,11.9,3.2,148.0,178.0,869.2,20.0,100g,100,每100克可食部,
煨牛肉（罐头）,,牛,,100.0,166.0,16.7,11.0,0.1,95.0,82.0,609.4,66.0,100g,100,每100克可食部,
牛肉干,,牛,,100.0,550.0,45.6,40.0,1.9,510.0,464.0,412.4,43.0,100g,100,每100克可食部,
咖哩牛肉干,,牛,,100.0,326.0,45.9,2.7,29.5,576.0,289.0,2075.0,65.0,100g,100,每100克可食部,
牛肉松,,牛,,100.0,445.0,8.2,15.7,67.7,128.0,74.0,1945.7,76.0,100g,100,每100克可食部,
牛蹄筋（熟）,,牛,,100.0,147.0,35.2,0.6,0.1,48.0,22.0,99.3,13.0,100g,100,每100克可食部,
牛肉（酱，五香）,,牛,,100.0,229.0,33.2,10.7,0.0,327.0,163.0,926.0,11.0,100g,100,每100克可食部,
牛肉（清香）,,牛,,100.0,200.0,25.8,10.7,0.0,217.0,227.0,935.0,5.0,100g,100,每100克可食部,
牛腱子,,牛,,100.0,205.0,35.6,5.5,3.2,229.0,160.0,880.4,9.0,100g,100,每100克可食部,
牛肉干（长富牌）,,牛,,100.0,342.0,41.8,3.2,32.2,112.0,183.0,1529.0,34.0,100g,100,每100克可食部,
牛肉干（沙爹牌）,,牛,,100.0,327.0,40.1,32.2,33.6,265.0,188.0,1402.5,29.0,100g,100,每100克可食部,
羊肉（代表值）,,羊,,100.0,139.0,18.5,6.5,1.6,300.0,161.0,89.9,16.0,100g,100,每100克可食部,
羊肉（冻）,,羊,,100.0,285.0,12.6,24.4,3.8,587.0,143.0,122.2,17.0,100g,100,每100克可食部,
羊肉（后腿）,,羊,,77.0,110.0,19.5,3.4,0.3,143.0,182.0,60.0,6.0,100g,100,每100克可食部,
羊肉（颈）,,羊,,74.0,135.0,21.3,4.6,2.2,208.0,157.0,75.2,8.0,100g,100,每100克可食部,
羊肉（里脊）,,羊,,100.0,103.0,20.5,1.6,1.6,161.0,184.0,74.4,8.0,100g,100,每100克可食部,
羊肉（前腿）,,羊,,71.0,110.0,18.6,3.2,1.6,108.0,181.0,74.4,7.0,100g,100,每100克可食部,
羊肉（青羊）,,羊,,100.0,99.0,21.3,1.1,1.0,151.0,101.0,41.7,9.0,100g,100,每100克可食部,
羊肉（瘦）,,羊,,90.0,118.0,20.5,3.9,0.2,403.0,196.0,69.4,9.0,100g,100,每100克可食部,
羊肉（胸脯）,,羊,,81.0,133.0,19.4,6.2,0.0,170.0,150.0,86.6,7.0,100g,100,每100克可食部,
山羊肉（冻）,,羊,,100.0,293.0,8.7,24.5,9.4,744.0,151.0,160.6,135.0,100g,100,每100克可食部,
羊蹄筋（生）,,羊,,100.0,159.0,34.3,2.4,0.0,74.0,39.0,149.7,16.0,100g,100,每100克可食部,
羊蹄筋（泡发）,,羊,,100.0,41.0,8.4,0.0,1.9,1.0,5.0,48.8,14.0,100g,100,每100克可食部,
羊肉（上脑）,,羊,,100.0,94.0,19.0,2.0,0.0,359.0,164.0,106.6,3.0,100g,100,每100克可食部,
羊肉（腰窝）,,羊,,100.0,135.0,18.9,6.6,0.0,372.0,158.0,109.2,3.0,100g,100,每100克可食部,
羊肉片,,羊,,100.0,118.0,18.0,4.0,2.4,108.0,145.0,92.0,12.0,100g,100,每100克可食部,
羊大肠,,羊,,100.0,75.0,13.4,2.4,0.0,117.0,34.0,79.0,25.0,100g,100,每100克可食部,
羊肚,,羊,,100.0,87.0,12.2,3.4,1.8,101.0,133.0,66.0,38.0,100g,100,每100克可食部,
羊肺,,羊,,100.0,96.0,16.2,2.4,2.5,139.0,172.0,146.2,12.0,100g,100,每100克可食部,
羊肝,,羊,,100.0,134.0,17.9,3.6,7.4,241.0,299.0,123.0,8.0,100g,100,每100克可食部,
羊脑,,羊,,100.0,142.0,11.3,10.7,0.1,146.0,356.0,151.8,61.0,100g,100,每100克可食部,
羊舌,,羊,,100.0,225.0,19.4,14.2,4.8,0.0,0.0,0.0,0.0,100g,100,每100克可食部,
羊肾,,羊,,95.0,96.0,16.6,2.8,1.0,115.0,233.0,193.3,8.0,100g,100,每100克可食部,
羊心,,羊,,100.0,113.0,13.8,5.5,2.0,200.0,172.0,100.8,10.0,100g,100,每100克可食部,
羊血,,羊,,100.0,57.0,6.8,0.2,6.9,6.0,7.0,443.4,22.0,100g,100,每100克可食部,
腊羊肉,,羊,,100.0,246.0,26.1,10.6,11.5,310.0,210.0,8991.6,14.0,100g,100,每100克可食部,
羊肉（熟）,,羊,,100.0,217.0,23.2,13.8,0.0,239.0,136.0,408.0,13.0,100g,100,每100克可食部,
羊肉串（电烤）,,羊,,100.0,234.0,26.4,11.6,6.0,430.0,230.0,796.3,52.0,100g,100,每100克可食部,
羊肉串（烤）,,羊,,100.0,206.0,26.0,10.3,2.4,205.0,254.0,484.8,4.0,100g,100,每100克可食部,
羊肉串（炸）,,羊,,100.0,217.0,18.3,11.5,10.0,297.0,194.0,580.8,38.0,100g,100,每100克可食部,
羊肉干,,羊,,100.0,588.0,28.2,46.7,13.7,520.0,546.0,184.0,77.0,100g,100,每100克可食部,
羊肉手抓,,羊,,70.0,188.0,27.3,8.8,0.0,178.0,124.0,226.2,3.0,100g,100,每100克可食部,
山羊肉（酱）,,羊,,100.0,272.0,25.4,13.7,11.8,134.0,169.0,937.8,43.0,100g,100,每100克可食部,
烧羊肉（五香）,,羊,,100.0,183.0,33.6,5.4,0.0,213.0,167.0,759.1,11.0,100g,100,每100克可食部,
羊肉串（生）,,羊,,100.0,118.0,13.0,4.8,5.6,278.0,222.0,616.2,17.0,100g,100,每100克可食部,
驴肉（瘦）,,驴,,100.0,116.0,21.5,3.2,0.4,325.0,178.0,46.9,2.0,100g,100,每100克可食部,
驴鞭,,驴,,100.0,143.0,29.7,0.8,4.3,152.0,48.0,698.1,51.0,100g,100,每100克可食部,
驴肉（酱）,,驴,,100.0,160.0,33.7,2.8,0.0,185.0,197.0,228.6,8.0,100g,100,每100克可食部,
驴肉（卤）,,驴,,100.0,151.0,27.7,1.9,5.8,219.0,179.0,307.0,6.0,100g,100,每100克可食部,
驴肉（煮）,,驴,,100.0,230.0,27.0,13.5,0.0,114.0,170.0,207.4,13.0,100g,100,每100克可食部,
驴肉（五香）,,驴,,100.0,167.0,28.2,6.0,0.0,201.0,317.0,877.2,5.0,100g,100,每100克可食部,
马肉,,马,,100.0,122.0,20.1,4.6,0.1,526.0,367.0,115.8,5.0,100g,100,每100克可食部,
马心,,马,,100.0,104.0,18.9,2.7,1.0,176.0,240.0,66.2,25.0,100g,100,每100克可食部,
马肉（卤）,,马,,100.0,170.0,30.5,4.8,1.2,171.0,193.0,236.9,4.0,100g,100,每100克可食部,
狗肉,,蓄肉类其他,,80.0,116.0,16.8,4.6,1.8,140.0,107.0,47.4,52.0,100g,100,每100克可食部,
骆驼蹄,,蓄肉类其他,,100.0,116.0,25.6,1.4,0.2,48.0,53.0,210.3,36.0,100g,100,每100克可食部,
骆驼掌,,蓄肉类其他,,100.0,310.0,72.8,2.0,0.3,69.0,23.0,170.6,152.0,100g,100,每100克可食部,
兔肉,,蓄肉类其他,,100.0,102.0,19.7,2.2,0.9,284.0,165.0,45.1,12.0,100g,100,每100克可食部,
兔肉（野）,,蓄肉类其他,,100.0,84.0,16.6,2.0,0.0,371.0,293.0,88.3,23.0,100g,100,每100克可食部,
鸡（代表值）,,鸡,,63.0,145.0,20.3,6.7,0.9,249.0,166.0,62.8,13.0,100g,100,每100克可食部,
鸡（土鸡，家养）,,鸡,,58.0,124.0,20.8,4.5,0.0,276.0,141.0,74.1,9.0,100g,100,每100克可食部,
母鸡（一年内）,,鸡,,66.0,256.0,20.3,16.8,5.8,275.0,120.0,62.2,2.0,100g,100,每100克可食部,
肉鸡（肥）,,鸡,,74.0,389.0,16.7,35.4,0.9,123.0,102.0,47.8,37.0,100g,100,每100克可食部,
华青鸡,,鸡,,70.0,158.0,19.6,8.8,0.0,184.0,166.0,62.8,1.0,100g,100,每100克可食部,
沙鸡,,鸡,,41.0,147.0,20.0,6.7,1.6,249.0,522.0,81.9,0.0,100g,100,每100克可食部,
乌骨鸡,,鸡,,48.0,111.0,22.3,2.3,0.3,323.0,210.0,64.0,17.0,100g,100,每100克可食部,
鸡爪,,鸡,,60.0,254.0,23.9,16.4,2.7,108.0,76.0,169.0,36.0,100g,100,每100克可食部,
鸡胸脯肉,,鸡,,100.0,118.0,19.4,5.0,2.5,338.0,214.0,34.4,3.0,100g,100,每100克可食部,
鸡腿,鸡髀,鸡,,69.0,146.0,17.4,11.8,4.6,205.0,161.0,50.8,8.0,100g,100,每100克可食部,
鸡翅,鸡翼,鸡,,69.0,202.0,16.0,13.0,0.0,242.0,172.0,64.4,6.0,100g,100,每100克可食部,
鸡块（带浆粉）,,鸡,,100.0,206.0,12.2,9.1,18.8,323.0,210.0,64.0,17.0,100g,100,每100克可食部,
鸡肝,,鸡,,100.0,121.0,16.6,4.8,2.8,222.0,263.0,92.0,7.0,100g,100,每100克可食部,
鸡肝（肉鸡）,,鸡,,100.0,121.0,16.7,4.5,3.5,321.0,216.0,98.2,4.0,100g,100,每100克可食部,
鸡心,,鸡,,100.0,172.0,15.9,11.8,0.6,220.0,176.0,108.4,54.0,100g,100,每100克可食部,
鸡血,,鸡,,100.0,49.0,7.8,0.2,4.1,136.0,68.0,208.0,10.0,100g,100,每100克可食部,
鸡肫,鸡胗,鸡,,100.0,118.0,19.2,2.8,4.0,272.0,135.0,74.8,7.0,100g,100,每100克可食部,
扒鸡,,鸡,,66.0,217.0,29.6,11.0,0.0,149.0,157.0,1000.7,31.0,100g,100,每100克可食部,
炸鸡块,肯德鸡,鸡,,70.0,279.0,20.3,17.3,10.5,232.0,530.0,755.0,109.0,100g,100,每100克可食部,
卤煮鸡,,鸡,,70.0,212.0,29.4,7.9,5.8,40.0,18.0,221.7,71.0,100g,100,每100克可食部,
瓦罐鸡汤（肉）,,鸡,,100.0,190.0,20.9,9.5,5.2,23.0,62.0,201.2,16.0,100g,100,每100克可食部,
瓦罐鸡汤（汤）,,鸡,,100.0,27.0,1.3,2.4,0.0,39.0,20.0,251.4,2.0,100g,100,每100克可食部,
鸡肉松,,鸡,,100.0,440.0,7.2,16.4,65.8,109.0,83.0,1687.8,76.0,100g,100,每100克可食部,
扒鸡（五香脱骨）,,鸡,,77.0,206.0,23.4,10.8,3.8,131.0,307.0,633.2,222.0,100g,100,每100克可食部,
烤鸡,,鸡,,73.0,240.0,22.4,16.7,0.1,142.0,136.0,472.3,25.0,100g,100,每100克可食部,
鸭（代表值）,,鸭,,68.0,240.0,15.5,19.7,0.2,191.0,122.0,69.0,6.0,100g,100,每100克可食部,
公麻鸭,,鸭,,63.0,360.0,14.3,30.9,6.1,109.0,122.0,61.6,4.0,100g,100,每100克可食部,
母麻鸭,,鸭,,75.0,461.0,13.0,44.8,1.4,155.0,64.0,48.8,9.0,100g,100,每100克可食部,
鸭胸脯肉,,鸭,,100.0,90.0,15.0,1.5,4.0,126.0,86.0,60.2,6.0,100g,100,每100克可食部,
鸭皮,,鸭,,100.0,538.0,6.5,50.2,15.1,38.0,42.0,26.2,6.0,100g,100,每100克可食部,
鸭翅,,鸭,,67.0,146.0,16.5,6.1,6.3,100.0,84.0,53.6,20.0,100g,100,每100克可食部,
鸭掌,,鸭,,59.0,150.0,26.9,1.9,6.2,28.0,91.0,61.1,24.0,100g,100,每100克可食部,
鸭肠,,鸭,,53.0,129.0,14.2,7.8,0.4,136.0,166.0,32.0,31.0,100g,100,每100克可食部,
鸭肝,,鸭,,100.0,128.0,14.5,7.5,0.5,230.0,283.0,87.2,18.0,100g,100,每100克可食部,
鸭肝（公麻鸭）,,鸭,,100.0,136.0,14.7,4.1,10.1,236.0,102.0,99.3,1.0,100g,100,每100克可食部,
鸭肝（母麻鸭）,,鸭,,100.0,113.0,16.8,2.5,5.9,289.0,252.0,107.5,1.0,100g,100,每100克可食部,
鸭舌,鸭条,鸭,,61.0,245.0,16.6,19.7,0.4,44.0,94.0,81.5,13.0,100g,100,每100克可食部,
鸭心,,鸭,,100.0,143.0,12.8,8.9,2.9,233.0,188.0,86.2,20.0,100g,100,每100克可食部,
鸭血（白鸭）,,鸭,,100.0,108.0,13.6,0.4,12.4,166.0,87.0,173.6,5.0,100g,100,每100克可食部,
鸭血（公麻鸭）,,鸭,,100.0,56.0,13.2,0.4,0.0,186.0,127.0,198.6,3.0,100g,100,每100克可食部,
鸭血（母麻鸭）,,鸭,,100.0,55.0,13.1,0.3,0.0,185.0,127.0,175.2,2.0,100g,100,每100克可食部,
鸭胰,,鸭,,97.0,117.0,21.7,2.9,1.0,84.0,554.0,55.7,20.0,100g,100,每100克可食部,
鸭肫,,鸭,,93.0,92.0,17.9,1.3,2.1,284.0,134.0,69.2,12.0,100g,100,每100克可食部,
鸭肫（公麻鸭）,,鸭,,100.0,112.0,19.8,1.2,5.4,351.0,116.0,70.1,2.0,100g,100,每100克可食部,
鸭肫（母麻鸭）,,鸭,,100.0,126.0,20.4,4.2,1.6,349.0,144.0,69.0,1.0,100g,100,每100克可食部,
北京烤鸭,,鸭,,80.0,436.0,16.6,38.4,6.0,247.0,175.0,83.0,35.0,100g,100,每100克可食部,
北京填鸭,,鸭,,75.0,425.0,9.3,41.3,3.9,139.0,149.0,45.5,15.0,100g,100,每100克可食部,
红烧鸭（罐头）,,鸭,,100.0,338.0,15.3,30.5,0.6,115.0,467.0,628.3,29.0,100g,100,每100克可食部,
酱鸭,,鸭,,80.0,266.0,18.9,18.4,6.3,236.0,140.0,981.3,14.0,100g,100,每100克可食部,
酱鸭（加梅菜，罐头）,,鸭,,93.0,248.0,11.8,21.7,2.5,130.0,208.0,474.5,29.0,100g,100,每100克可食部,
盐水鸭（熟）,,鸭,,81.0,313.0,16.6,26.1,2.8,218.0,112.0,1557.5,10.0,100g,100,每100克可食部,
烤鸭（老唐牌）,,鸭,,60.0,309.0,20.3,25.3,0.0,187.0,102.0,776.4,7.0,100g,100,每100克可食部,
烤鸭（全聚德牌）,,鸭,,65.0,530.0,18.1,50.8,0.0,103.0,147.0,29.9,11.0,100g,100,每100克可食部,
鹅,,鹅,,63.0,251.0,17.9,19.9,0.0,232.0,144.0,58.8,4.0,100g,100,每100克可食部,
鹅肝,,鹅,,100.0,129.0,15.2,3.4,9.3,336.0,216.0,70.2,2.0,100g,100,每100克可食部,
鹅肫,,鹅,,100.0,100.0,19.6,1.9,1.1,410.0,112.0,58.2,2.0,100g,100,每100克可食部,
鹅血,,鹅,,100.0,74.0,18.6,0.0,0.0,163.0,89.0,80.5,4.0,100g,100,每100克可食部,
烧鹅,,鹅,,73.0,289.0,19.7,21.5,4.2,22.0,202.0,240.0,91.0,100g,100,每100克可食部,
腊鹅,,鹅,,54.0,410.0,24.6,21.5,29.6,388.0,317.0,2880.0,36.0,100g,100,每100克可食部,
火鸡腿,,火鸡,,100.0,91.0,20.0,1.2,0.0,708.0,470.0,168.4,12.0,100g,100,每100克可食部,
火鸡胸脯肉,,火鸡,,100.0,103.0,22.4,0.2,2.8,227.0,116.0,93.7,39.0,100g,100,每100克可食部,
火鸡肝,,火鸡,,100.0,143.0,20.0,5.6,3.1,244.0,225.0,128.6,3.0,100g,100,每100克可食部,
火鸡肫,,火鸡,,100.0,91.0,18.9,0.3,3.2,352.0,108.0,57.0,44.0,100g,100,每100克可食部,
火鸡腿（熟）,,火鸡,,85.0,100.0,16.7,0.7,6.6,253.0,161.0,1071.0,17.0,100g,100,每100克可食部,
鸽,,禽肉类其他,,42.0,201.0,16.5,14.2,1.7,334.0,136.0,63.6,30.0,100g,100,每100克可食部,
鹌鹑,,禽肉类其他,,58.0,110.0,20.2,3.1,0.2,204.0,179.0,48.4,48.0,100g,100,每100克可食部,
乳鸽,,禽肉类其他,,56.0,352.0,11.3,34.1,0.0,163.0,573.0,653.8,866.0,100g,100,每100克可食部,
乳鸽（红烧）,,禽肉类其他,,82.0,255.0,16.9,20.8,0.0,385.0,1050.0,1809.8,1614.0,100g,100,每100克可食部,
纯牛奶（代表值，全脂）,牛奶;鲜奶,液态乳,,100.0,65.0,3.3,3.6,4.9,180.0,90.0,63.7,107.0,100g,100,每100克可食部,
纯牛奶（全脂，美国牛）,,液态乳,,100.0,59.0,2.9,3.2,4.6,127.0,68.0,40.2,108.0,100g,100,每100克可食部,
纯牛奶（全脂，德国牛）,,液态乳,,100.0,60.0,3.1,3.0,5.1,120.0,87.0,45.8,114.0,100g,100,每100克可食部,
纯牛奶（全脂，光明牌）,,液态乳,,100.0,61.0,3.1,3.2,5.0,132.0,87.0,24.8,85.0,100g,100,每100克可食部,
纯牛奶（全脂，伊利牌）,,液态乳,,100.0,68.0,3.2,3.7,5.4,348.0,103.0,49.5,110.0,100g,100,每100克可食部,
纯牛奶（代表值，低脂）,,液态乳,,100.0,47.0,3.5,1.5,4.8,232.0,106.0,80.1,111.0,100g,100,每100克可食部,
纯牛奶（代表值，脱脂）,,液态乳,,100.0,34.0,3.5,0.3,4.6,200.0,98.0,127.3,117.0,100g,100,每100克可食部,
牛乳（全脂，强化VA，VD）,,液态乳,,100.0,51.0,2.7,2.0,5.6,130.0,60.0,42.6,140.0,100g,100,每100克可食部,
鲜牛奶（代表值，全脂）,,液态乳,,100.0,67.0,3.4,3.7,5.1,127.0,103.0,120.3,113.0,100g,100,每100克可食部,
羊乳,,液态乳,,100.0,59.0,1.5,3.5,5.4,135.0,98.0,20.6,82.0,100g,100,每100克可食部,
人乳,,液态乳,,100.0,65.0,1.3,3.4,7.4,0.0,13.0,0.0,30.0,100g,100,每100克可食部,
鲜驼奶,,液态乳,,100.0,86.0,3.6,3.5,9.9,175.0,60.0,55.9,50.0,100g,100,每100克可食部,
全脂奶粉（多维奶粉）,,奶粉,,100.0,484.0,19.9,22.7,49.9,1910.0,324.0,567.8,1797.0,100g,100,每100克可食部,
全脂甜奶粉,,奶粉,,100.0,490.0,22.5,23.4,47.4,841.0,1018.0,450.8,495.0,100g,100,每100克可食部,
全脂奶粉,,奶粉,,100.0,478.0,20.1,21.2,51.7,449.0,469.0,260.1,676.0,100g,100,每100克可食部,
全脂奶粉（速溶）,,奶粉,,100.0,466.0,19.9,18.9,54.0,541.0,571.0,247.6,659.0,100g,100,每100克可食部,
全脂奶粉（全脂羊乳粉）,,奶粉,,100.0,498.0,18.8,25.2,49.0,0.0,0.0,0.0,0.0,100g,100,每100克可食部,
酸奶（代表值）,,酸奶,,100.0,86.0,2.8,2.6,12.9,150.0,76.0,37.7,128.0,100g,100,每100克可食部,
酸奶（高蛋白）,,酸奶,,100.0,62.0,3.2,2.2,7.3,135.0,52.0,43.0,161.0,100g,100,每100克可食部,
酸奶（脱脂）,,酸奶,,100.0,57.0,3.3,0.4,10.0,156.0,91.0,27.7,146.0,100g,100,每100克可食部,
酸奶（低脂）,,酸奶,,100.0,64.0,2.7,1.9,9.0,130.0,59.0,13.0,81.0,100g,100,每100克可食部,
酸奶（果料）,,酸奶,,100.0,67.0,3.1,1.4,10.4,111.0,90.0,32.5,140.0,100g,100,每100克可食部,
酸奶（橘味，脱脂）,,酸奶,,100.0,48.0,3.2,0.3,8.2,128.0,73.0,2.6,89.0,100g,100,每100克可食部,
酸奶（果粒）,,酸奶,,100.0,98.0,3.3,2.9,14.6,241.0,103.0,53.8,61.0,100g,100,每100克可食部,
奶酪,干酪,奶酪,,100.0,328.0,25.7,23.5,3.5,75.0,326.0,584.6,799.0,100g,100,每100克可食部,
奶豆腐（脱脂）,,奶酪,,100.0,343.0,53.7,2.5,26.5,188.0,773.0,55.4,360.0,100g,100,每100克可食部,
奶豆腐（鲜）,,奶酪,,100.0,305.0,46.2,7.8,12.5,240.0,657.0,90.2,597.0,100g,100,每100克可食部,
奶疙瘩,奶酪干;干酸奶,奶酪,,100.0,426.0,55.1,15.0,17.7,314.0,689.0,79.3,730.0,100g,100,每100克可食部,
奶酪（契达干酪，普通）,,奶酪,,100.0,412.0,25.5,34.4,0.1,77.0,490.0,670.0,720.0,100g,100,每100克可食部,
奶酪（契达干酪，脱脂）,,奶酪,,100.0,261.0,31.5,15.0,0.0,110.0,620.0,670.0,840.0,100g,100,每100克可食部,
曲拉,,奶酪,,100.0,356.0,39.1,2.9,43.4,166.0,1135.0,285.2,1217.0,100g,100,每100克可食部,
奶酪（全脂软酪）,,奶酪,,100.0,313.0,8.6,31.0,0.0,150.0,130.0,330.0,110.0,100g,100,每100克可食部,
酸酪蛋,,奶酪,,100.0,443.0,40.4,20.4,24.4,512.0,682.0,130.8,756.0,100g,100,每100克可食部,
奶酪（羊乳酪）,,奶酪,,100.0,250.0,15.6,20.2,1.5,95.0,280.0,1440.0,360.0,100g,100,每100克可食部,
奶酪（中脂软酪）,,奶酪,,100.0,180.0,9.2,14.5,3.1,0.0,0.0,0.0,0.0,100g,100,每100克可食部,
奶酪（光明牌）,,奶酪,,100.0,348.0,16.5,28.4,6.5,315.0,389.0,1598.0,445.0,100g,100,每100克可食部,
奶酪（骑士牌）,,奶酪,,100.0,386.0,23.0,25.4,16.3,42.0,307.0,531.8,796.0,100g,100,每100克可食部,
低脂奶酪,,奶酪,,100.0,241.0,21.6,11.6,12.6,368.0,606.0,1684.8,522.0,100g,100,每100克可食部,
硬质干酪,,奶酪,,100.0,411.0,24.9,34.5,0.1,76.0,500.0,687.0,731.0,100g,100,每100克可食部,
奶油,,奶油,,100.0,879.0,0.7,97.0,0.9,226.0,11.0,268.0,14.0,100g,100,每100克可食部,
奶油（焦克）,,奶油,,100.0,447.0,3.0,48.3,0.0,138.0,82.0,41.1,202.0,100g,100,每100克可食部,
奶油（食品工业）,,奶油,,100.0,504.0,1.1,55.5,0.0,1064.0,32.0,190.8,20.0,100g,100,每100克可食部,
黄油,,奶油,,100.0,888.0,1.4,98.0,0.0,39.0,8.0,40.3,35.0,100g,100,每100克可食部,
黄油渣,,奶油,,100.0,599.0,11.1,43.8,40.0,160.0,288.0,60.2,597.0,100g,100,每100克可食部,
白脱（食品工业）,牛油;黄油,奶油,,100.0,744.0,0.0,82.7,0.0,43.0,14.0,18.0,1.0,100g,100,每100克可食部,
酥油,,奶油,,100.0,860.0,1.5,94.4,1.1,188.0,9.0,73.0,128.0,100g,100,每100克可食部,
酥油（原味）,,奶油,,100.0,465.0,3.0,17.7,73.3,620.0,304.0,265.0,27.0,100g,100,每100克可食部,
炼乳（甜，罐头）,,乳类其他,,100.0,332.0,8.0,8.7,55.4,309.0,200.0,211.9,242.0,100g,100,每100克可食部,
奶皮子,,乳类其他,,100.0,460.0,12.2,42.9,6.3,4.0,308.0,2.3,818.0,100g,100,每100克可食部,
奶片,,乳类其他,,100.0,472.0,13.3,20.2,59.3,356.0,427.0,179.7,269.0,100g,100,每100克可食部,
鸡蛋（代表值）,,鸡蛋,,87.0,139.0,13.1,8.6,2.4,154.0,130.0,131.5,56.0,个,50,1个鸡蛋可食部约50g,
鸡蛋（白皮）,,鸡蛋,,87.0,138.0,12.7,9.0,1.5,98.0,176.0,94.7,48.0,个,50,1个鸡蛋可食部约50g,
鸡蛋（土鸡）,,鸡蛋,,88.0,138.0,14.4,6.4,5.6,244.0,33.0,174.0,76.0,个,50,1个鸡蛋可食部约50g,
鸡蛋白,,鸡蛋,,100.0,60.0,11.6,0.1,3.1,132.0,18.0,79.4,9.0,100g,100,每100克可食部,
鸡蛋白（乌骨鸡）,,鸡蛋,,100.0,44.0,9.8,0.1,1.0,109.0,17.0,165.1,9.0,100g,100,每100克可食部,
鸡蛋黄,,鸡蛋,,100.0,328.0,15.2,28.2,3.4,95.0,240.0,54.9,112.0,100g,100,每100克可食部,
鸡蛋黄（乌骨鸡）,,鸡蛋,,100.0,263.0,15.2,19.9,5.7,105.0,216.0,57.2,107.0,100g,100,每100克可食部,
鸡蛋（红皮）,,鸡蛋,,87.0,143.0,12.2,10.5,0.0,121.0,182.0,125.7,44.0,个,50,1个鸡蛋可食部约50g,
鸡蛋粉,全蛋粉,鸡蛋,,100.0,545.0,43.4,36.2,11.3,357.0,780.0,393.2,954.0,100g,100,每100克可食部,
鸡蛋黄粉,,鸡蛋,,100.0,644.0,31.6,55.1,5.3,103.0,905.0,89.8,266.0,100g,100,每100克可食部,
松花蛋（鸡蛋）,,鸡蛋,,83.0,178.0,14.8,10.6,5.8,148.0,263.0,0.0,26.0,100g,100,每100克可食部,
鸡蛋（煮）,,鸡蛋,,86.0,143.0,12.1,10.5,0.1,130.0,206.0,130.0,35.0,个,50,1个鸡蛋可食部约50g,
毛蛋,,鸡蛋,,87.0,176.0,14.2,13.2,0.0,66.0,155.0,75.8,204.0,100g,100,每100克可食部,
荷包蛋（油煎）,,鸡蛋,,100.0,195.0,13.5,15.0,1.4,132.0,194.0,353.0,55.0,100g,100,每100克可食部,
荷包蛋（煮）,,鸡蛋,,100.0,155.0,12.3,11.7,0.2,100.0,200.0,110.0,55.0,100g,100,每100克可食部,
鸭蛋,,鸭蛋,,87.0,180.0,12.6,13.0,3.1,135.0,226.0,106.0,62.0,100g,100,每100克可食部,
鸭蛋白,,鸭蛋,,100.0,47.0,9.9,0.0,1.8,84.0,0.0,71.2,18.0,100g,100,每100克可食部,
鸭蛋黄,,鸭蛋,,100.0,378.0,14.5,33.8,4.0,86.0,55.0,30.1,123.0,100g,100,每100克可食部,
海鸭蛋,,鸭蛋,,87.0,243.0,12.7,13.8,0.0,119.0,6.0,105.1,118.0,100g,100,每100克可食部,
松花蛋（鸭蛋）,皮蛋,鸭蛋,,90.0,171.0,14.2,10.7,4.5,152.0,165.0,542.7,63.0,100g,100,每100克可食部,
鸭蛋（咸鸭蛋，生）,,鸭蛋,,88.0,190.0,12.7,12.7,6.3,184.0,231.0,2706.1,118.0,100g,100,每100克可食部,
鸭蛋（咸鸭蛋，煮）,,鸭蛋,,84.0,177.0,13.8,13.5,0.0,226.0,212.0,1131.0,52.0,100g,100,每100克可食部,
鹅蛋,,鹅蛋,,87.0,196.0,11.1,15.6,2.8,74.0,130.0,90.6,34.0,100g,100,每100克可食部,
鹅蛋白,,鹅蛋,,100.0,48.0,8.9,0.0,3.2,36.0,11.0,77.3,4.0,100g,100,每100克可食部,
鹅蛋黄,,鹅蛋,,100.0,324.0,15.5,26.4,6.2,0.0,51.0,24.4,13.0,100g,100,每100克可食部,
鹅蛋（煮）,,鹅蛋,,85.0,177.0,12.7,13.6,1.0,76.0,70.0,45.0,41.0,100g,100,每100克可食部,
鹌鹑蛋,,鹌鹑蛋,,86.0,160.0,12.8,11.1,2.1,138.0,180.0,106.6,47.0,100g,100,每100克可食部,
鹌鹑蛋（五香罐头）,,鹌鹑蛋,,89.0,152.0,11.6,11.7,0.0,41.0,209.0,711.5,157.0,100g,100,每100克可食部,
白条鱼（裸鱼）,,鱼,,59.0,103.0,16.6,3.3,1.6,331.0,224.0,68.0,58.0,100g,100,每100克可食部,
草鱼,白鲩;草包鱼,鱼,,58.0,113.0,16.6,5.2,0.0,312.0,203.0,46.0,38.0,100g,100,每100克可食部,
赤眼鳟,金目鱼,鱼,,59.0,109.0,18.1,4.1,0.0,291.0,186.0,87.0,59.0,100g,100,每100克可食部,
鳡鱼,猴鱼,鱼,,54.0,114.0,17.5,4.3,1.2,194.0,109.0,158.4,139.0,100g,100,每100克可食部,
胡子鲇,塘虱（鱼）,鱼,,50.0,146.0,15.4,8.0,3.1,78.0,129.0,45.5,18.0,100g,100,每100克可食部,
黄颡鱼,戈牙鱼;黄鳍鱼,鱼,,52.0,124.0,17.8,2.7,7.1,202.0,166.0,250.4,59.0,100g,100,每100克可食部,
黄鳝,鳝鱼,鱼,,67.0,89.0,18.0,1.4,1.2,263.0,206.0,70.2,42.0,100g,100,每100克可食部,
黄鳝丝,,鱼,,88.0,69.0,15.4,0.8,0.0,278.0,81.0,131.0,57.0,100g,100,每100克可食部,
尖嘴白,,鱼,,80.0,137.0,22.7,3.3,4.1,375.0,192.0,48.3,27.0,100g,100,每100克可食部,
口头鱼,,鱼,,56.0,134.0,19.6,4.2,4.5,270.0,247.0,47.7,103.0,100g,100,每100克可食部,
鲤鱼,鲤拐子,鱼,,54.0,109.0,17.6,4.1,0.5,334.0,204.0,53.7,50.0,100g,100,每100克可食部,
罗非鱼,,鱼,,55.0,98.0,18.4,1.5,2.8,289.0,161.0,19.8,12.0,100g,100,每100克可食部,
罗非鱼（莫桑比克）,非洲黑鲫鱼,鱼,,53.0,77.0,16.0,1.0,1.0,338.0,150.0,66.8,24.0,100g,100,每100克可食部,
泥鳅,,鱼,,60.0,96.0,17.9,2.0,1.7,282.0,302.0,74.8,299.0,100g,100,每100克可食部,
青鱼,青皮鱼;青鳞鱼;青混,鱼,,63.0,118.0,20.1,4.2,0.0,325.0,184.0,47.4,31.0,100g,100,每100克可食部,
乌鳢,黑鱼;石斑鱼;生鱼,鱼,,57.0,85.0,18.5,1.2,0.0,313.0,232.0,48.8,152.0,100g,100,每100克可食部,
银鱼,面条鱼,鱼,,100.0,105.0,17.2,4.0,0.0,246.0,22.0,8.6,46.0,100g,100,每100克可食部,
湟鱼（裸鲤鱼）,,鱼,,56.0,124.0,17.1,3.2,6.7,372.0,229.0,42.0,42.0,100g,100,每100克可食部,
湟鱼（裸鱼）,,鱼,,48.0,100.0,17.8,2.3,2.0,329.0,221.0,117.0,59.0,100g,100,每100克可食部,
鲇鱼,胡子鲇;鲢胡;旺虾,鱼,,65.0,103.0,17.3,3.7,0.0,351.0,195.0,49.6,42.0,100g,100,每100克可食部,
鲒花,,鱼,,63.0,117.0,15.6,6.1,0.0,0.0,270.0,63.5,0.0,100g,100,每100克可食部,
鲢鱼,白鲢;胖子;连子鱼,鱼,,61.0,104.0,17.8,3.6,0.0,277.0,190.0,57.5,53.0,100g,100,每100克可食部,
鲫鱼,喜头鱼;海附鱼,鱼,,54.0,108.0,17.1,2.7,3.8,290.0,193.0,41.2,79.0,100g,100,每100克可食部,
鲮鱼,雪鲮,鱼,,57.0,95.0,18.4,2.1,0.7,317.0,176.0,40.1,31.0,100g,100,每100克可食部,
鲮鱼（罐头）,,鱼,,100.0,399.0,30.7,26.9,8.5,480.0,750.0,2310.0,598.0,100g,100,每100克可食部,
鳊鱼,鲂鱼;武昌鱼,鱼,,59.0,135.0,18.3,6.3,1.2,215.0,188.0,41.1,89.0,100g,100,每100克可食部,
鳗鲡,鳗鱼;河鳗,鱼,,84.0,181.0,18.6,10.8,2.3,207.0,248.0,58.8,42.0,100g,100,每100克可食部,
鳙鱼,胖头鱼;摆佳鱼;花鲢鱼,鱼,,61.0,100.0,15.3,2.2,4.7,229.0,180.0,60.6,82.0,100g,100,每100克可食部,
鳜鱼,桂鱼;花鲫鱼,鱼,,61.0,117.0,19.9,4.2,0.0,295.0,217.0,68.6,63.0,100g,100,每100克可食部,
鳟鱼,红鳟鱼,鱼,,57.0,99.0,18.6,2.6,0.2,688.0,374.0,110.0,34.0,100g,100,每100克可食部,
白姑鱼,白米子（鱼）,鱼,,67.0,150.0,19.1,8.2,0.0,382.0,171.0,152.7,23.0,100g,100,每100克可食部,
参鱼,蓝圆参;边鱼,鱼,,70.0,124.0,18.5,3.4,4.8,215.0,191.0,81.6,55.0,100g,100,每100克可食部,
带鱼,白带鱼;刀鱼,鱼,,76.0,127.0,17.7,4.9,3.1,280.0,191.0,150.1,28.0,100g,100,每100克可食部,
堤鱼,,鱼,,64.0,191.0,17.6,12.8,1.3,228.0,324.0,65.0,15.0,100g,100,每100克可食部,
丁香鱼（干）,,鱼,,100.0,196.0,37.5,3.1,4.6,664.0,914.0,4375.0,590.0,100g,100,每100克可食部,
狗母鱼,大头狗母鱼,鱼,,67.0,100.0,16.7,2.3,3.0,194.0,263.0,156.3,95.0,100g,100,每100克可食部,
海鲫鱼,九九鱼,鱼,,60.0,206.0,17.0,13.7,3.6,133.0,193.0,15.8,69.0,100g,100,每100克可食部,
海鳗,鲫勾,鱼,,67.0,122.0,18.8,5.0,0.5,266.0,159.0,95.8,28.0,100g,100,每100克可食部,
红娘鱼,翼红娘鱼,鱼,,55.0,105.0,18.0,2.8,1.9,308.0,297.0,163.9,160.0,100g,100,每100克可食部,
黄姑鱼,黄婆鸡（鱼）,鱼,,63.0,137.0,18.4,7.0,0.0,282.0,196.0,101.9,94.0,100g,100,每100克可食部,
黄鱼（大黄花鱼）,,鱼,,66.0,97.0,17.7,2.5,0.8,260.0,174.0,120.3,53.0,100g,100,每100克可食部,
黄鱼（小黄花鱼）,,鱼,,62.0,114.0,17.0,5.1,0.0,198.0,217.0,194.3,191.0,100g,100,每100克可食部,
黄鲂,赤虹;老板鱼,鱼,,75.0,81.0,18.5,0.5,0.6,227.0,157.0,159.9,27.0,100g,100,每100克可食部,
金线鱼,红三鱼,鱼,,40.0,101.0,18.6,2.9,0.0,300.0,128.0,118.0,102.0,100g,100,每100克可食部,
绿鳍马面豚,面包鱼;橡皮鱼,鱼,,52.0,83.0,18.1,0.6,1.2,291.0,185.0,80.5,54.0,100g,100,每100克可食部,
梅童鱼,大头仔鱼;丁珠鱼,鱼,,63.0,121.0,18.9,5.0,0.0,299.0,164.0,106.1,34.0,100g,100,每100克可食部,
沙丁鱼,沙鲻,鱼,,67.0,89.0,19.8,1.1,0.0,136.0,183.0,91.5,184.0,100g,100,每100克可食部,
沙钻鱼,多鳞喜;沙梭;麦穗鱼,鱼,,63.0,84.0,18.4,0.6,1.2,211.0,220.0,173.6,120.0,100g,100,每100克可食部,
蛇鲻,沙梭鱼,鱼,,72.0,122.0,20.8,4.2,0.3,304.0,156.0,118.4,117.0,100g,100,每100克可食部,
舌鳎,花纹舌头;舌头鱼,鱼,,68.0,83.0,17.7,1.4,0.0,309.0,168.0,138.8,57.0,100g,100,每100克可食部,
油抒,香梭鱼,鱼,,74.0,145.0,15.9,9.0,0.0,275.0,158.0,67.5,13.0,100g,100,每100克可食部,
颚针鱼,针量鱼,鱼,,75.0,180.0,20.2,10.4,1.4,336.0,197.0,73.3,58.0,100g,100,每100克可食部,
鲅鱼,马鲛鱼;燕鲅鱼;巴鱼,鱼,,80.0,121.0,21.2,3.1,2.1,370.0,130.0,74.2,35.0,100g,100,每100克可食部,
鲅鱼（咸）,咸马胶,鱼,,67.0,157.0,23.3,1.6,12.4,298.0,228.0,5350.0,0.0,100g,100,每100克可食部,
鲆,片口鱼;比目鱼,鱼,,68.0,112.0,20.8,3.2,0.0,317.0,178.0,66.7,55.0,100g,100,每100克可食部,
鲈鱼,鲈花,鱼,,58.0,105.0,18.6,3.4,0.0,205.0,242.0,144.1,138.0,100g,100,每100克可食部,
鲐鱼,青鲐鱼;鲐巴鱼;青砖鱼,鱼,,66.0,155.0,19.9,7.4,2.2,263.0,247.0,87.7,50.0,100g,100,每100克可食部,
鲑鱼,大麻哈鱼,鱼,,72.0,139.0,17.2,7.8,0.0,361.0,154.0,63.3,13.0,100g,100,每100克可食部,
鲑鱼籽酱,大麻哈鱼籽酱,鱼,,100.0,252.0,10.9,16.8,14.4,171.0,359.0,2881.0,23.0,100g,100,每100克可食部,
鲚鱼（大）,大凤尾鱼,鱼,,79.0,106.0,13.2,5.5,0.8,161.0,498.0,53.1,114.0,100g,100,每100克可食部,
鲚鱼（小）,小凤尾鱼,鱼,,90.0,124.0,15.5,5.1,4.0,225.0,460.0,38.5,78.0,100g,100,每100克可食部,
鲨鱼,真鲨;白斑角鲨,鱼,,56.0,118.0,22.2,3.2,0.0,285.0,212.0,102.2,41.0,100g,100,每100克可食部,
鲳鱼,平鱼;银鲳;刺鲳,鱼,,70.0,140.0,18.5,7.3,0.0,328.0,155.0,62.5,46.0,100g,100,每100克可食部,
鲷,黑鲷;铜盆鱼;大目鱼,鱼,,65.0,106.0,17.9,2.6,2.7,261.0,304.0,103.9,186.0,100g,100,每100克可食部,
鲻鱼,白眼棱鱼,鱼,,57.0,119.0,18.9,4.8,0.0,245.0,183.0,71.4,19.0,100g,100,每100克可食部,
鲽,比目鱼;凸眼鱼,鱼,,72.0,107.0,21.1,2.3,0.5,264.0,135.0,150.4,107.0,100g,100,每100克可食部,
鳐鱼,夫鱼,鱼,,59.0,90.0,20.8,0.7,0.0,277.0,159.0,130.0,22.0,100g,100,每100克可食部,
鳓鱼,快鱼;力鱼,鱼,,71.0,159.0,20.7,8.5,0.0,246.0,203.0,47.8,39.0,100g,100,每100克可食部,
鳕鱼,鳕狭;明太鱼,鱼,,45.0,88.0,20.4,0.5,0.5,321.0,232.0,130.3,42.0,100g,100,每100克可食部,
鳘鱼,,鱼,,76.0,89.0,20.2,0.9,0.0,357.0,228.0,54.8,21.0,100g,100,每100克可食部,
带鱼（切段）,,鱼,,70.0,108.0,17.6,4.2,0.0,361.0,282.0,246.4,431.0,100g,100,每100克可食部,
鱼片干,,鱼,,100.0,303.0,46.1,3.4,22.0,251.0,308.0,2320.6,106.0,100g,100,每100克可食部,
鱼奇油,鱼露;虾油,鱼,,100.0,47.0,11.2,0.2,0.0,199.0,6.0,9350.0,24.0,100g,100,每100克可食部,
鱼排,,鱼,,100.0,160.0,10.1,2.4,24.5,136.0,92.0,383.3,13.0,100g,100,每100克可食部,
鱼丸,,鱼,,100.0,107.0,11.1,1.3,12.7,360.0,272.0,854.2,97.0,100g,100,每100克可食部,
鱼子酱,,鱼,,100.0,201.0,9.6,7.1,24.7,271.0,88.0,394.6,23.0,100g,100,每100克可食部,
白米虾,水虾米,虾,,57.0,81.0,17.3,0.4,2.0,255.0,267.0,90.7,403.0,100g,100,每100克可食部,
斑节对虾,草虾,虾,,59.0,103.0,18.6,0.8,5.4,363.0,275.0,168.8,59.0,100g,100,每100克可食部,
长毛对虾,大虾;白露虾,虾,,65.0,90.0,18.5,0.4,3.0,386.0,241.0,208.8,36.0,100g,100,每100克可食部,
刺蛄,刺蛄,虾,,14.0,77.0,16.0,1.4,0.0,181.0,283.0,86.8,0.0,100g,100,每100克可食部,
东方对虾,中国对虾,虾,,67.0,84.0,18.3,0.5,1.6,217.0,253.0,133.6,35.0,100g,100,每100克可食部,
对虾,,虾,,61.0,93.0,18.6,0.8,2.8,215.0,228.0,165.2,62.0,100g,100,每100克可食部,
海虾,,虾,,51.0,79.0,16.8,0.6,1.5,228.0,196.0,302.2,146.0,100g,100,每100克可食部,
河虾,,虾,,86.0,87.0,16.4,2.4,0.0,329.0,186.0,133.8,325.0,100g,100,每100克可食部,
基围虾,,虾,,60.0,101.0,18.2,1.4,3.9,250.0,139.0,172.0,83.0,100g,100,每100克可食部,
江虾,沼虾,虾,,100.0,87.0,10.3,0.9,9.3,683.0,293.0,0.0,78.0,100g,100,每100克可食部,
龙虾,,虾,,46.0,90.0,18.9,1.1,1.0,257.0,221.0,190.0,21.0,100g,100,每100克可食部,
明虾,,虾,,57.0,85.0,13.4,1.8,3.8,238.0,189.0,119.0,75.0,100g,100,每100克可食部,
塘水虾,草虾,虾,,57.0,96.0,21.2,1.2,0.0,250.0,233.0,109.0,403.0,100g,100,每100克可食部,
虾虎,,虾,,32.0,81.0,11.6,1.7,4.8,132.0,206.0,136.6,22.0,100g,100,每100克可食部,
虾皮,,虾,,100.0,153.0,30.7,2.2,2.5,617.0,582.0,5057.7,991.0,100g,100,每100克可食部,
螯虾,,虾,,31.0,93.0,14.8,3.8,0.0,550.0,228.0,225.2,85.0,100g,100,每100克可食部,
口虾蛄,皮皮虾,虾,,28.0,82.0,14.8,1.7,1.8,246.0,245.0,556.1,6.0,100g,100,每100克可食部,
虾米,海米;虾仁,虾,,100.0,198.0,43.7,2.6,0.0,550.0,666.0,4891.9,555.0,100g,100,每100克可食部,
虾脑酱,,虾,,100.0,100.0,15.2,4.3,0.0,111.0,146.0,1790.0,667.0,100g,100,每100克可食部,
虾仁,,虾,,100.0,152.0,4.6,7.4,16.7,58.0,31.0,429.0,7.0,100g,100,每100克可食部,
海蟹,,蟹,,55.0,95.0,13.8,2.3,4.7,232.0,142.0,260.0,208.0,100g,100,每100克可食部,
河蟹,,蟹,,42.0,103.0,17.5,2.6,2.3,181.0,182.0,193.5,126.0,100g,100,每100克可食部,
踞缘青蟹,青蟹,蟹,,43.0,80.0,14.6,1.6,1.7,206.0,262.0,192.9,228.0,100g,100,每100克可食部,
梭子蟹,,蟹,,49.0,95.0,15.9,3.1,0.9,208.0,152.0,481.4,280.0,100g,100,每100克可食部,
蟹肉,,蟹,,100.0,62.0,11.6,1.2,1.1,214.0,159.0,270.0,231.0,100g,100,每100克可食部,
大闸蟹（母）,,蟹,,36.0,156.0,21.0,7.7,0.6,224.0,231.0,187.8,15.0,100g,100,每100克可食部,
海蟹（公）,,蟹,,25.0,85.0,18.0,0.3,2.5,309.0,290.0,366.7,42.0,100g,100,每100克可食部,
海蟹（母）,,蟹,,27.0,64.0,14.2,0.3,1.2,241.0,161.0,324.1,107.0,100g,100,每100克可食部,
鲍鱼,杂色鲍,贝,,65.0,84.0,12.6,0.8,6.6,136.0,77.0,2011.7,266.0,100g,100,每100克可食部,
鲍鱼（干）,,贝,,100.0,322.0,54.1,5.6,13.7,366.0,251.0,2316.2,143.0,100g,100,每100克可食部,
蛏子,,贝,,57.0,40.0,7.3,0.3,2.1,140.0,114.0,175.9,134.0,100g,100,每100克可食部,
蛏干,蛏子缢;蛏青子,贝,,100.0,340.0,46.5,4.9,27.4,586.0,791.0,1175.0,107.0,100g,100,每100克可食部,
赤贝,,贝,,34.0,61.0,13.9,0.6,0.0,153.0,118.0,266.1,35.0,100g,100,每100克可食部,
河蚌,,贝,,43.0,54.0,10.9,0.8,0.7,17.0,305.0,17.4,248.0,100g,100,每100克可食部,
河蚬,蚬子,贝,,35.0,47.0,7.0,1.4,1.7,25.0,127.0,18.4,39.0,100g,100,每100克可食部,
牡蛎,海蛎子,贝,,100.0,73.0,5.3,2.1,8.2,200.0,115.0,462.1,131.0,100g,100,每100克可食部,
生蚝,,贝,,100.0,57.0,10.9,1.5,0.0,375.0,100.0,270.0,35.0,100g,100,每100克可食部,
泥蚶,血蚶;珠蚶,贝,,30.0,71.0,10.0,0.8,6.0,207.0,103.0,354.9,59.0,100g,100,每100克可食部,
扇贝（鲜）,,贝,,35.0,60.0,11.1,0.6,2.6,122.0,132.0,339.0,142.0,100g,100,每100克可食部,
扇贝（干）,干贝,贝,,100.0,264.0,55.6,2.4,5.1,969.0,504.0,306.4,77.0,100g,100,每100克可食部,
鲜贝,,贝,,100.0,77.0,15.7,0.5,2.5,226.0,166.0,120.0,28.0,100g,100,每100克可食部,
银蚶,蚶子,贝,,27.0,71.0,12.2,1.4,2.3,76.0,111.0,280.1,49.0,100g,100,每100克可食部,
贻贝（鲜）,淡菜;壳菜,贝,,49.0,80.0,11.4,1.7,4.7,157.0,197.0,451.4,63.0,100g,100,每100克可食部,
贻贝（干）,淡菜;壳菜,贝,,100.0,355.0,47.8,9.3,20.1,264.0,454.0,779.0,157.0,100g,100,每100克可食部,
蛤蜊（代表值）,,贝,,39.0,62.0,10.1,1.1,2.8,140.0,128.0,425.7,133.0,100g,100,每100克可食部,
蛤蜊（花蛤蜊）,,贝,,46.0,45.0,7.7,0.6,2.2,235.0,126.0,309.0,59.0,100g,100,每100克可食部,
蛤蜊（毛蛤蜊）,,贝,,25.0,97.0,15.0,1.0,7.1,164.0,116.0,363.0,137.0,100g,100,每100克可食部,
蛤蜊（秋蛤蜊）,,贝,,26.0,89.0,15.6,0.7,5.0,123.0,166.0,492.3,177.0,100g,100,每100克可食部,
蛤蜊（沙蛤蜊）,,贝,,50.0,56.0,8.9,1.9,0.8,109.0,97.0,577.7,111.0,100g,100,每100克可食部,
蛤蜊（杂色蛤蜊）,,贝,,40.0,53.0,7.5,2.2,0.7,97.0,161.0,494.6,177.0,100g,100,每100克可食部,
螺（代表值）,,贝,,41.0,100.0,15.7,1.2,6.6,167.0,118.0,153.3,722.0,100g,100,每100克可食部,
红螺,,贝,,55.0,119.0,20.2,0.9,7.6,179.0,152.0,219.6,539.0,100g,100,每100克可食部,
黄螺,东风螺,贝,,43.0,106.0,19.8,1.0,4.5,297.0,140.0,129.4,55.0,100g,100,每100克可食部,
螺蛳,,贝,,37.0,59.0,7.5,0.6,6.0,75.0,98.0,252.6,156.0,100g,100,每100克可食部,
石螺,,贝,,27.0,90.0,12.8,0.7,8.2,21.0,118.0,13.0,2458.0,100g,100,每100克可食部,
田螺,,贝,,26.0,60.0,11.0,0.2,3.6,98.0,93.0,26.0,1030.0,100g,100,每100克可食部,
香海螺,,贝,,59.0,163.0,22.7,3.5,10.1,333.0,109.0,278.9,91.0,100g,100,每100克可食部,
海参,,鱼虾蟹贝类其他,,100.0,78.0,16.5,0.2,2.5,43.0,28.0,502.9,285.0,100g,100,每100克可食部,
海参（干）,,鱼虾蟹贝类其他,,93.0,262.0,50.2,4.8,4.5,356.0,94.0,4968.0,0.0,100g,100,每100克可食部,
海参（水浸）,,鱼虾蟹贝类其他,,100.0,25.0,6.0,0.1,0.0,41.0,10.0,80.9,240.0,100g,100,每100克可食部,
海蜇皮,,鱼虾蟹贝类其他,,100.0,33.0,3.7,0.3,3.8,160.0,30.0,325.0,150.0,100g,100,每100克可食部,
海蜇头,,鱼虾蟹贝类其他,,100.0,74.0,6.0,0.3,11.8,331.0,22.0,467.7,120.0,100g,100,每100克可食部,
墨鱼,曼氏无针乌贼,鱼虾蟹贝类其他,,69.0,83.0,15.2,0.9,3.4,400.0,165.0,165.5,15.0,100g,100,每100克可食部,
墨鱼（干）,曼氏无针乌贼,鱼虾蟹贝类其他,,82.0,287.0,65.3,1.9,2.1,1261.0,413.0,1744.0,82.0,100g,100,每100克可食部,
乌贼（鲜）[鱿鱼，台湾枪乌贼，枪,,鱼虾蟹贝类其他,,97.0,84.0,17.4,1.6,0.0,290.0,19.0,110.0,44.0,100g,100,每100克可食部,
鱿鱼（干）,台湾枪乌贼,鱼虾蟹贝类其他,,98.0,313.0,60.0,4.6,7.8,1131.0,392.0,965.3,87.0,100g,100,每100克可食部,
鱿鱼（水浸）,,鱼虾蟹贝类其他,,98.0,75.0,17.0,0.8,0.0,16.0,60.0,134.7,43.0,100g,100,每100克可食部,
乌鱼蛋,,鱼虾蟹贝类其他,,73.0,66.0,14.1,1.1,0.0,201.0,99.0,126.8,11.0,100g,100,每100克可食部,
章鱼（章鱼肉）,八爪鱼,鱼虾蟹贝类其他,,100.0,52.0,10.6,0.4,1.4,157.0,106.0,288.1,22.0,100g,100,每100克可食部,
章鱼,八爪鱼,鱼虾蟹贝类其他,,78.0,135.0,18.9,0.4,14.0,447.0,63.0,65.4,21.0,100g,100,每100克可食部,
母乳化奶粉,,婴儿配方食品,,100.0,510.0,14.5,27.1,51.9,643.0,354.0,168.7,251.0,100g,100,每100克可食部,
婴儿奶粉,,婴儿配方食品,,100.0,443.0,19.8,15.1,57.0,703.0,457.0,9.4,998.0,100g,100,每100克可食部,
豆奶粉,,特殊医学用途婴儿配方食品,,100.0,423.0,19.0,8.0,68.7,528.0,257.0,15.3,149.0,100g,100,每100克可食部,
钙质糕粉,,特殊医学用途婴儿配方食品,,100.0,367.0,7.9,1.3,82.1,169.0,202.0,5.5,116.0,100g,100,每100克可食部,
健儿粉,,特殊医学用途婴儿配方食品,,100.0,369.0,7.1,1.1,82.7,113.0,181.0,21.6,137.0,100g,100,每100克可食部,
莲子健儿粉,,特殊医学用途婴儿配方食品,,100.0,352.0,8.0,0.7,78.3,141.0,61.0,3.9,12.0,100g,100,每100克可食部,
乳儿糕,,特殊医学用途婴儿配方食品,,100.0,366.0,11.7,2.7,74.1,232.0,272.0,122.6,143.0,100g,100,每100克可食部,
婴儿奶糕,,特殊医学用途婴儿配方食品,,100.0,345.0,10.4,0.9,74.3,398.0,415.0,105.5,61.0,100g,100,每100克可食部,
婴儿营养粉,婴宝*5410*,特殊医学用途婴儿配方食品,,100.0,426.0,17.0,12.8,60.8,696.0,490.0,95.0,668.0,100g,100,每100克可食部,
营养乳儿糕,,特殊医学用途婴儿配方食品,,100.0,365.0,7.5,1.9,79.7,137.0,435.0,111.8,408.0,100g,100,每100克可食部,
艾窝窝,,小吃,,100.0,190.0,4.3,0.0,43.4,53.0,34.0,1.7,19.0,100g,100,每100克可食部,
白水羊头,,小吃,,100.0,193.0,22.4,11.0,1.2,32.0,110.0,899.4,41.0,100g,100,每100克可食部,
茶汤,,小吃,,100.0,93.0,1.5,0.1,21.5,42.0,41.0,23.6,17.0,100g,100,每100克可食部,
炒肝,,小吃,,100.0,96.0,2.8,8.0,3.3,27.0,28.0,259.6,22.0,100g,100,每100克可食部,
春卷,,小吃,,100.0,465.0,6.1,33.7,34.8,89.0,94.0,485.8,10.0,100g,100,每100克可食部,
豆腐脑（带卤）,,小吃,,100.0,48.0,2.6,1.8,5.4,108.0,46.0,235.6,301.0,100g,100,每100克可食部,
粉皮,,小吃,,100.0,62.0,0.2,0.3,15.0,15.0,2.0,3.9,5.0,100g,100,每100克可食部,
灌肠,,小吃,,100.0,134.0,0.2,0.3,32.8,18.0,11.0,12.5,11.0,100g,100,每100克可食部,
煎饼,,小吃,,100.0,354.0,7.6,0.7,83.8,117.0,320.0,85.5,9.0,100g,100,每100克可食部,
焦圈,,小吃,,100.0,534.0,6.9,34.9,48.9,263.0,157.0,762.2,24.0,100g,100,每100克可食部,
京八件,,小吃,,100.0,441.0,7.2,16.4,67.6,81.0,54.0,16.6,15.0,100g,100,每100克可食部,
栗羊羹,,小吃,,100.0,302.0,3.7,0.6,70.9,16.0,41.0,6.1,80.0,100g,100,每100克可食部,
凉粉,,小吃,,100.0,38.0,0.2,0.3,8.9,5.0,1.0,2.8,9.0,100g,100,每100克可食部,
凉粉（带调料）,,小吃,,100.0,51.0,0.3,0.5,11.3,0.0,3.0,0.0,9.0,100g,100,每100克可食部,
凉面,,小吃,,100.0,167.0,4.8,1.7,33.3,10.0,61.0,163.7,2.0,100g,100,每100克可食部,
龙虾片,,小吃,,100.0,342.0,0.6,0.1,85.5,25.0,13.0,639.5,112.0,100g,100,每100克可食部,
驴打滚,,小吃,,100.0,198.0,8.2,0.2,41.8,165.0,105.0,192.4,34.0,100g,100,每100克可食部,
美味香酥卷,,小吃,,100.0,368.0,7.5,3.6,76.7,152.0,112.0,185.8,0.0,100g,100,每100克可食部,
蜜麻花,糖耳朵,小吃,,100.0,369.0,4.8,11.0,63.2,135.0,83.0,361.5,99.0,100g,100,每100克可食部,
密三刀,,小吃,,100.0,427.0,4.4,14.2,70.7,53.0,71.0,47.5,4.0,100g,100,每100克可食部,
面窝,,小吃,,100.0,291.0,5.2,10.7,44.0,95.0,77.0,154.8,38.0,100g,100,每100克可食部,
年糕,,小吃,,100.0,156.0,3.3,0.6,34.7,81.0,52.0,56.4,31.0,100g,100,每100克可食部,
酿皮,,小吃,,100.0,107.0,4.4,0.3,21.8,138.0,25.0,514.8,4.0,100g,100,每100克可食部,
青稞炒面,,小吃,,100.0,366.0,11.8,2.2,77.0,162.0,430.0,7.5,8.0,100g,100,每100克可食部,
热干面,,小吃,,100.0,153.0,4.2,2.4,28.7,46.0,58.0,165.8,67.0,100g,100,每100克可食部,
三刀蜜,,小吃,,100.0,385.0,4.1,10.5,69.3,73.0,76.0,20.0,97.0,100g,100,每100克可食部,
三鲜豆皮,,小吃,,100.0,239.0,6.0,10.2,31.0,21.0,47.0,207.0,4.0,100g,100,每100克可食部,
汤泡,,小吃,,100.0,237.0,8.1,11.6,25.2,48.0,55.0,219.0,18.0,100g,100,每100克可食部,
甜胚子,,小吃,,100.0,131.0,5.2,0.2,27.2,0.0,0.0,0.0,0.0,100g,100,每100克可食部,
甜醅,,小吃,,100.0,192.0,7.8,0.1,41.0,124.0,151.0,3.5,3.0,100g,100,每100克可食部,
豌豆黄,,小吃,,100.0,138.0,7.5,0.6,26.7,137.0,102.0,151.7,141.0,100g,100,每100克可食部,
香油炒面,,小吃,,100.0,410.0,12.4,4.8,80.1,154.0,149.0,46.4,16.0,100g,100,每100克可食部,
油茶,,小吃,,100.0,96.0,2.4,0.9,20.0,46.0,30.0,19.6,22.0,100g,100,每100克可食部,
油炸豆瓣,,小吃,,100.0,406.0,25.1,9.8,54.7,611.0,245.0,359.4,63.0,100g,100,每100克可食部,
油炸豆花,,小吃,,100.0,404.0,33.4,14.8,35.1,0.0,0.0,0.0,0.0,100g,100,每100克可食部,
炸糕,,小吃,,100.0,282.0,6.1,12.3,37.3,143.0,84.0,96.6,24.0,100g,100,每100克可食部,
糌粑（稞麦熟品）,,小吃,,100.0,261.0,4.1,13.1,32.5,123.0,176.0,8.9,71.0,100g,100,每100克可食部,
蛋糕（均值）,,蛋糕、甜点,,100.0,348.0,8.6,5.1,67.1,77.0,130.0,67.8,39.0,100g,100,每100克可食部,
蛋糕（黄蛋糕）,,蛋糕、甜点,,100.0,320.0,9.5,6.0,57.1,80.0,76.0,32.0,27.0,100g,100,每100克可食部,
蛋清蛋糕,,蛋糕、甜点,,100.0,339.0,6.5,2.4,72.9,36.0,80.0,49.0,30.0,100g,100,每100克可食部,
宫廷蛋糕,,蛋糕、甜点,,100.0,335.0,7.4,3.4,69.2,90.0,146.0,49.1,5.0,100g,100,每100克可食部,
老年蛋糕,,蛋糕、甜点,,100.0,384.0,13.0,9.6,61.8,221.0,164.0,118.5,96.0,100g,100,每100克可食部,
奶油蛋糕,,蛋糕、甜点,,100.0,379.0,7.2,13.9,56.5,67.0,90.0,80.7,38.0,100g,100,每100克可食部,
西式蛋糕,,蛋糕、甜点,,100.0,316.0,7.8,3.4,63.8,86.0,160.0,47.6,5.0,100g,100,每100克可食部,
月饼（百寿宴点）,,蛋糕、甜点,,100.0,435.0,5.1,22.1,55.3,120.0,72.0,11.1,31.0,100g,100,每100克可食部,
月饼（豆沙）,,蛋糕、甜点,,100.0,411.0,8.2,13.6,65.6,211.0,95.0,22.4,64.0,100g,100,每100克可食部,
月饼（奶油果馅）,,蛋糕、甜点,,100.0,443.0,5.7,16.9,67.6,87.0,45.0,28.2,12.0,100g,100,每100克可食部,
月饼（奶油松仁）,,蛋糕、甜点,,100.0,446.0,6.4,21.4,59.0,132.0,99.0,17.7,26.0,100g,100,每100克可食部,
月饼（唐王赏月）,,蛋糕、甜点,,100.0,418.0,8.0,18.4,57.8,114.0,105.0,56.8,29.0,100g,100,每100克可食部,
月饼（五仁）,,蛋糕、甜点,,100.0,424.0,8.0,16.0,64.0,198.0,110.0,18.5,54.0,100g,100,每100克可食部,
月饼（香油果馅）,,蛋糕、甜点,,100.0,456.0,6.3,19.7,65.2,87.0,81.0,28.2,18.0,100g,100,每100克可食部,
月饼（枣泥）,,蛋糕、甜点,,100.0,427.0,7.1,15.7,64.9,178.0,62.0,24.3,66.0,100g,100,每100克可食部,
板油酥饼,,蛋糕、甜点,,100.0,360.0,7.6,14.9,49.4,102.0,71.0,324.0,14.0,100g,100,每100克可食部,
蛋黄酥,,蛋糕、甜点,,100.0,388.0,11.7,3.9,76.9,105.0,181.0,100.0,47.0,100g,100,每100克可食部,
蛋麻脆,,蛋糕、甜点,,100.0,456.0,9.0,17.4,66.7,134.0,171.0,67.9,59.0,100g,100,每100克可食部,
德庆酥,,蛋糕、甜点,,100.0,464.0,5.9,18.7,70.0,98.0,106.0,59.9,38.0,100g,100,每100克可食部,
鹅油卷,,蛋糕、甜点,,100.0,464.0,8.4,22.7,57.4,139.0,113.0,23.8,53.0,100g,100,每100克可食部,
凤尾酥,,蛋糕、甜点,,100.0,511.0,6.6,25.3,64.2,84.0,94.0,0.0,40.0,100g,100,每100克可食部,
福来酥,,蛋糕、甜点,,100.0,470.0,6.2,21.4,64.2,96.0,95.0,44.6,54.0,100g,100,每100克可食部,
核桃薄脆,,蛋糕、甜点,,100.0,493.0,9.8,24.6,61.1,147.0,131.0,251.3,54.0,100g,100,每100克可食部,
黑麻香酥,,蛋糕、甜点,,100.0,443.0,5.6,16.1,70.6,104.0,107.0,36.5,89.0,100g,100,每100克可食部,
黑洋酥,,蛋糕、甜点,,100.0,432.0,4.2,12.4,79.7,92.0,144.0,3.1,8.0,100g,100,每100克可食部,
混糖糕点,,蛋糕、甜点,,100.0,455.0,7.9,16.3,69.5,116.0,96.0,135.2,77.0,100g,100,每100克可食部,
鸡腿酥,,蛋糕、甜点,,100.0,436.0,6.2,13.4,72.7,59.0,63.0,406.8,19.0,100g,100,每100克可食部,
夹心酥饼,,蛋糕、甜点,,100.0,482.0,5.3,24.7,59.7,66.0,85.0,18.7,14.0,100g,100,每100克可食部,
江米条,,蛋糕、甜点,,100.0,439.0,5.7,11.7,78.1,68.0,56.0,46.5,33.0,100g,100,每100克可食部,
金钱酥,,蛋糕、甜点,,100.0,489.0,11.4,23.1,62.6,272.0,294.0,60.0,508.0,100g,100,每100克可食部,
京式黄酥,,蛋糕、甜点,,100.0,490.0,6.0,21.8,67.7,79.0,46.0,52.7,30.0,100g,100,每100克可食部,
开口笑,,蛋糕、甜点,,100.0,519.0,8.4,30.0,55.3,143.0,133.0,68.2,39.0,100g,100,每100克可食部,
廖花糖,,蛋糕、甜点,,100.0,415.0,7.2,14.0,70.8,58.0,60.0,36.5,243.0,100g,100,每100克可食部,
绿豆糕,,蛋糕、甜点,,100.0,351.0,12.8,1.0,73.4,416.0,121.0,11.6,24.0,100g,100,每100克可食部,
麻烘糕,,蛋糕、甜点,,100.0,398.0,3.8,3.8,87.2,45.0,66.0,1.8,59.0,100g,100,每100克可食部,
麻花,,蛋糕、甜点,,100.0,527.0,8.3,31.5,53.4,213.0,136.0,99.2,26.0,100g,100,每100克可食部,
麻香糕,,蛋糕、甜点,,100.0,402.0,3.9,3.6,88.7,45.0,46.0,2.5,23.0,100g,100,每100克可食部,
米花糖,,蛋糕、甜点,,100.0,385.0,3.1,3.3,85.8,55.0,52.0,43.4,144.0,100g,100,每100克可食部,
起酥,,蛋糕、甜点,,100.0,500.0,8.7,31.7,45.1,73.0,68.0,493.9,0.0,100g,100,每100克可食部,
水晶饼,,蛋糕、甜点,,100.0,438.0,0.2,17.4,70.5,47.0,106.0,31.5,49.0,100g,100,每100克可食部,
酥皮糕点,,蛋糕、甜点,,100.0,429.0,8.1,15.5,65.0,105.0,91.0,55.7,24.0,100g,100,每100克可食部,
桃酥,,蛋糕、甜点,,100.0,483.0,7.1,21.8,65.1,90.0,87.0,33.9,48.0,100g,100,每100克可食部,
硬皮糕点,,蛋糕、甜点,,100.0,466.0,8.4,20.1,63.5,111.0,123.0,97.4,42.0,100g,100,每100克可食部,
芝麻桃酥,,蛋糕、甜点,,100.0,467.0,7.0,17.7,70.1,78.0,101.0,2.2,6.0,100g,100,每100克可食部,
状元饼,,蛋糕、甜点,,100.0,437.0,8.6,14.7,68.1,136.0,61.0,13.6,0.0,100g,100,每100克可食部,
茯苓夹饼,,蛋糕、甜点,,100.0,345.0,4.4,0.4,84.3,105.0,131.0,103.4,65.0,100g,100,每100克可食部,
蛋片,,方便食品,,100.0,391.0,8.1,4.1,80.5,90.0,153.0,47.0,6.0,100g,100,每100克可食部,
麦片,,方便食品,,100.0,368.0,12.4,7.4,67.3,306.0,339.0,20.9,8.0,100g,100,每100克可食部,
燕麦片,,方便食品,,100.0,377.0,15.0,6.7,66.9,214.0,291.0,3.7,186.0,100g,100,每100克可食部,
玉米片（即食粥）,,方便食品,,100.0,391.0,7.2,3.7,82.3,52.0,70.0,1.7,11.0,100g,100,每100克可食部,
方便面,,方便食品,,100.0,473.0,9.5,21.1,61.6,134.0,80.0,1144.0,25.0,100g,100,每100克可食部,
面包（均值）,,方便食品,,100.0,313.0,8.3,5.1,58.6,88.0,107.0,230.4,49.0,100g,100,每100克可食部,
多维面包,,方便食品,,100.0,316.0,8.8,8.4,51.3,12.0,110.0,652.7,49.0,100g,100,每100克可食部,
法式牛角面包,,方便食品,,100.0,378.0,8.4,14.3,54.6,103.0,93.0,352.3,83.0,100g,100,每100克可食部,
法式配餐面包,,方便食品,,100.0,284.0,10.0,1.2,58.7,113.0,102.0,478.4,127.0,100g,100,每100克可食部,
果料面包,,方便食品,,100.0,279.0,8.5,2.1,57.0,94.0,100.0,210.5,124.0,100g,100,每100克可食部,
黄油面包,,方便食品,,100.0,331.0,7.9,8.7,55.6,92.0,94.0,14.5,35.0,100g,100,每100克可食部,
乐斯美面包,,方便食品,,100.0,335.0,9.2,2.8,68.6,103.0,99.0,54.9,22.0,100g,100,每100克可食部,
麦胚面包,,方便食品,,100.0,246.0,8.5,1.0,50.9,92.0,88.0,457.0,75.0,100g,100,每100克可食部,
麦维面包,,方便食品,,100.0,270.0,8.3,4.7,48.6,70.0,61.0,151.0,35.0,100g,100,每100克可食部,
维生素面包,,方便食品,,100.0,279.0,8.8,5.6,48.6,85.0,107.0,256.4,49.0,100g,100,每100克可食部,
咸面包,,方便食品,,100.0,275.0,9.2,3.9,51.0,89.0,108.0,526.0,89.0,100g,100,每100克可食部,
椰圈面包,,方便食品,,100.0,320.0,9.5,4.8,59.9,90.0,104.0,106.2,49.0,100g,100,每100克可食部,
桦榕面包,,方便食品,,100.0,329.0,8.9,7.5,56.6,90.0,174.0,236.0,9.0,100g,100,每100克可食部,
饼干（均值）,,方便食品,,100.0,435.0,9.0,12.7,71.7,85.0,88.0,204.1,73.0,100g,100,每100克可食部,
VC饼干,,方便食品,,100.0,573.0,10.8,39.7,43.2,99.0,95.0,113.5,0.0,100g,100,每100克可食部,
饼干（强化锌）,富锌饼干,方便食品,,100.0,446.0,11.0,13.3,71.2,117.0,123.0,231.1,144.0,100g,100,每100克可食部,
补血饼干,,方便食品,,100.0,452.0,11.8,14.7,68.4,72.0,184.0,177.4,76.0,100g,100,每100克可食部,
儿童营养饼干,,方便食品,,100.0,447.0,10.8,12.9,72.1,52.0,172.0,107.4,136.0,100g,100,每100克可食部,
钙奶饼干,,方便食品,,100.0,446.0,8.4,13.2,73.9,83.0,267.0,112.2,115.0,100g,100,每100克可食部,
钙王饼干,,方便食品,,100.0,450.0,7.8,13.9,73.6,132.0,277.0,259.3,250.0,100g,100,每100克可食部,
高蛋白饼干,,方便食品,,100.0,451.0,11.0,16.2,66.0,103.0,159.0,104.7,111.0,100g,100,每100克可食部,
军用压缩饼干,,方便食品,,100.0,460.0,7.9,17.8,67.6,106.0,119.0,320.1,149.0,100g,100,每100克可食部,
奶油饼干,,方便食品,,100.0,431.0,8.5,13.1,70.2,110.0,105.0,196.4,49.0,100g,100,每100克可食部,
牛奶饼干,,方便食品,,100.0,408.0,8.1,6.1,80.3,129.0,102.0,399.0,6.0,100g,100,每100克可食部,
曲奇饼,,方便食品,,100.0,546.0,6.5,31.6,59.1,67.0,64.0,174.6,45.0,100g,100,每100克可食部,
苏打饼干,,方便食品,,100.0,408.0,8.4,7.7,76.2,82.0,69.0,312.2,0.0,100g,100,每100克可食部,
维夫饼干,,方便食品,,100.0,529.0,5.4,35.2,48.0,0.0,63.0,281.8,58.0,100g,100,每100克可食部,
菠萝豆,,休闲食品,,100.0,392.0,10.4,2.1,82.9,38.0,100.0,30.0,19.0,100g,100,每100克可食部,
空心果,,休闲食品,,100.0,452.0,6.8,15.2,72.0,40.0,53.0,5.8,114.0,100g,100,每100克可食部,
马铃薯片（油炸）,油炸土豆片,休闲食品,,100.0,615.0,4.0,48.4,41.9,620.0,88.0,60.9,11.0,100g,100,每100克可食部,
酥香兰花豆,,休闲食品,,100.0,419.0,12.8,13.6,61.7,508.0,157.0,109.8,59.0,100g,100,每100克可食部,
百令可乐,,碳酸饮料,,100.0,28.0,0.2,0.1,6.5,1.0,4.0,22.7,43.0,100g,100,每100克可食部,
冰川可乐,,碳酸饮料,,100.0,45.0,0.0,0.0,11.2,1.0,0.0,11.4,0.0,100g,100,每100克可食部,
橙珍（易拉罐装）,,碳酸饮料,,100.0,25.0,0.1,0.0,6.1,5.0,1.0,5.3,8.0,100g,100,每100克可食部,
橙汁汽水,,碳酸饮料,,100.0,20.0,0.0,0.0,5.1,3.0,0.0,8.1,10.0,100g,100,每100克可食部,
柠檬汽水,,碳酸饮料,,100.0,38.0,0.0,0.0,9.5,0.0,0.0,3.3,9.0,100g,100,每100克可食部,
特制柠檬汽水,,碳酸饮料,,100.0,50.0,0.0,0.0,12.5,2.0,1.0,4.4,8.0,100g,100,每100克可食部,
特制汽水,,碳酸饮料,,100.0,42.0,0.0,0.0,10.5,4.0,1.0,5.8,8.0,100g,100,每100克可食部,
维尔康运动饮料,,碳酸饮料,,100.0,45.0,0.0,0.1,11.0,5.0,0.0,5.0,6.0,100g,100,每100克可食部,
VC橘汁,,果汁及果汁饮料,,100.0,95.0,0.1,0.2,23.2,25.0,1.0,4.4,4.0,100g,100,每100克可食部,
浓缩橘汁,,果汁及果汁饮料,,100.0,235.0,0.8,0.3,57.3,140.0,8.0,4.4,21.0,100g,100,每100克可食部,
鲜橘汁（纸盒）,,果汁及果汁饮料,,100.0,30.0,0.1,0.0,7.4,3.0,0.0,4.2,7.0,100g,100,每100克可食部,
橘子汁,,果汁及果汁饮料,,100.0,119.0,0.0,0.1,29.6,6.0,0.0,18.6,4.0,100g,100,每100克可食部,
刺玫汁（纸盒）,,果汁及果汁饮料,,100.0,32.0,0.0,0.0,8.1,6.0,0.0,4.4,6.0,100g,100,每100克可食部,
甘蔗汁,,果汁及果汁饮料,,100.0,65.0,0.4,0.1,16.0,95.0,14.0,3.0,14.0,100g,100,每100克可食部,
红果汁,,果汁及果汁饮料,,100.0,157.0,0.0,0.2,38.7,10.0,1.0,19.1,5.0,100g,100,每100克可食部,
柠檬汁,,果汁及果汁饮料,,100.0,27.0,0.9,0.2,5.5,120.0,0.0,1.2,24.0,100g,100,每100克可食部,
沙棘果汁,,果汁及果汁饮料,,100.0,47.0,0.9,0.5,10.6,53.0,3.0,5.4,10.0,100g,100,每100克可食部,
乌梅汁,,果汁及果汁饮料,,100.0,133.0,0.2,0.1,32.8,7.0,0.0,24.3,6.0,100g,100,每100克可食部,
原汁沙棘,,果汁及果汁饮料,,100.0,48.0,2.6,0.0,9.3,81.0,0.0,396.8,42.0,100g,100,每100克可食部,
胡萝卜素王,,蔬菜汁饮料,,100.0,131.0,0.1,0.2,32.5,31.0,0.0,72.5,7.0,100g,100,每100克可食部,
果味奶,,含乳饮料,,100.0,20.0,0.9,0.8,2.4,63.0,39.0,37.4,88.0,100g,100,每100克可食部,
喜乐（乳酸饮料）,,含乳饮料,,100.0,53.0,0.9,0.2,11.8,20.0,23.0,53.8,14.0,100g,100,每100克可食部,
巧克力豆奶,,植物蛋白饮料,,100.0,39.0,2.9,0.5,5.8,57.0,36.0,25.4,17.0,100g,100,每100克可食部,
杏仁露,,植物蛋白饮料,,100.0,46.0,0.9,1.1,8.1,1.0,1.0,9.2,4.0,100g,100,每100克可食部,
茶砖,砖茶,茶叶及茶饮料,,100.0,283.0,14.5,4.0,66.7,844.0,157.0,15.1,277.0,100g,100,每100克可食部,
茶砖（小）,,茶叶及茶饮料,,100.0,308.0,15.1,4.0,68.9,624.0,182.0,84.6,334.0,100g,100,每100克可食部,
红茶,,茶叶及茶饮料,,100.0,324.0,26.7,1.1,59.2,1934.0,390.0,13.6,378.0,100g,100,每100克可食部,
花茶,,茶叶及茶饮料,,100.0,316.0,27.1,1.2,58.1,1643.0,338.0,8.0,454.0,100g,100,每100克可食部,
甲级龙井,,茶叶及茶饮料,,100.0,331.0,33.3,2.7,48.9,2812.0,542.0,54.4,402.0,100g,100,每100克可食部,
绿茶,,茶叶及茶饮料,,100.0,328.0,34.2,2.3,50.3,1661.0,191.0,28.2,325.0,100g,100,每100克可食部,
石榴花茶,,茶叶及茶饮料,,100.0,343.0,10.5,2.9,74.2,2455.0,165.0,36.6,1143.0,100g,100,每100克可食部,
柿叶茶,,茶叶及茶饮料,,100.0,321.0,25.8,1.9,59.1,0.0,0.0,0.0,0.0,100g,100,每100克可食部,
铁观音茶,,茶叶及茶饮料,,100.0,334.0,22.8,1.3,65.0,1462.0,251.0,7.8,416.0,100g,100,每100克可食部,
珠茶,,茶叶及茶饮料,,100.0,334.0,28.7,1.7,58.3,739.0,352.0,13.3,203.0,100g,100,每100克可食部,
茶水,,茶叶及茶饮料,,100.0,0.0,0.1,0.0,0.0,6.0,1.0,3.9,2.0,100g,100,每100克可食部,
宝宝福,,固体饮料,,100.0,390.0,0.2,0.0,97.3,96.0,5.0,22.6,29.0,100g,100,每100克可食部,
冰淇淋粉,,固体饮料,,100.0,396.0,14.5,3.5,76.7,235.0,320.0,180.6,539.0,100g,100,每100克可食部,
固体桔子饮料,,固体饮料,,100.0,391.0,0.2,0.0,97.5,3.0,3.0,10.7,54.0,100g,100,每100克可食部,
可可粉,,固体饮料,,100.0,349.0,20.9,8.4,54.5,360.0,623.0,23.0,74.0,100g,100,每100克可食部,
麦乳精,,固体饮料,,100.0,429.0,8.5,9.7,77.0,355.0,218.0,177.8,145.0,100g,100,每100克可食部,
山楂晶,,固体饮料,,100.0,386.0,0.1,0.2,95.9,32.0,3.0,57.7,37.0,100g,100,每100克可食部,
酸梅晶,,固体饮料,,100.0,394.0,0.2,0.0,98.4,50.0,4.0,11.5,29.0,100g,100,每100克可食部,
鲜桔晶,,固体饮料,,100.0,385.0,0.3,0.0,95.9,1.0,2.0,6.2,24.0,100g,100,每100克可食部,
猕猴桃晶,,固体饮料,,100.0,390.0,0.4,0.0,97.1,96.0,4.0,2.2,28.0,100g,100,每100克可食部,
橘子晶,,固体饮料,,100.0,390.0,0.2,0.4,96.5,3.0,0.0,33.0,14.0,100g,100,每100克可食部,
冰棍,,棒冰、冰淇淋类,,100.0,47.0,0.8,0.2,10.5,0.0,13.0,20.4,31.0,100g,100,每100克可食部,
冰砖,,棒冰、冰淇淋类,,100.0,153.0,2.9,6.8,20.0,141.0,72.0,43.5,140.0,100g,100,每100克可食部,
冰淇淋,,棒冰、冰淇淋类,,100.0,127.0,2.4,5.3,17.3,125.0,67.0,54.2,126.0,100g,100,每100克可食部,
大雪糕,,棒冰、冰淇淋类,,100.0,74.0,2.2,0.9,14.3,42.0,34.0,83.5,80.0,100g,100,每100克可食部,
三明治冰激淋,,棒冰、冰淇淋类,,100.0,169.0,7.4,5.6,22.2,162.0,79.0,179.5,196.0,100g,100,每100克可食部,
双棒雪糕,,棒冰、冰淇淋类,,100.0,137.0,2.3,3.6,23.9,94.0,21.0,51.1,100.0,100g,100,每100克可食部,
娃娃头,,棒冰、冰淇淋类,,100.0,215.0,9.8,8.6,24.6,57.0,130.0,199.8,147.0,100g,100,每100克可食部,
紫雪糕,,棒冰、冰淇淋类,,100.0,228.0,2.6,13.7,23.6,124.0,64.0,65.9,168.0,100g,100,每100克可食部,
红景天饮料,,饮料类其他,,100.0,33.0,0.0,0.0,8.2,1.0,84.0,10.3,1.0,100g,100,每100克可食部,
啤酒（均值）,,发酵酒,,100.0,33.0,0.4,0.0,0.0,47.0,12.0,11.4,13.0,100g,100,每100克可食部,
北京啤酒,,发酵酒,,100.0,32.0,0.4,0.0,0.0,85.0,2.0,0.0,0.0,100g,100,每100克可食部,
北京特制啤酒（6度）,,发酵酒,,100.0,35.0,0.4,0.0,0.0,25.0,7.0,2.5,0.0,100g,100,每100克可食部,
楚天啤酒（2.6度）,,发酵酒,,100.0,16.0,0.4,0.0,0.0,21.0,13.0,2.6,6.0,100g,100,每100克可食部,
酒泉啤酒,,发酵酒,,100.0,28.0,0.4,0.0,0.0,4.0,9.0,0.0,11.0,100g,100,每100克可食部,
麦饭石啤酒,,发酵酒,,100.0,25.0,0.5,0.0,0.0,97.0,0.0,44.9,67.0,100g,100,每100克可食部,
美雪啤酒,,发酵酒,,100.0,34.0,0.4,0.0,0.0,97.0,0.0,14.2,0.0,100g,100,每100克可食部,
秦海啤酒,,发酵酒,,100.0,36.0,0.5,0.0,0.0,117.0,0.0,24.9,0.0,100g,100,每100克可食部,
清爽型啤酒（6度）,,发酵酒,,100.0,35.0,0.4,0.0,0.0,25.0,6.0,4.3,4.0,100g,100,每100克可食部,
特制啤酒（5度）,,发酵酒,,100.0,30.0,0.4,0.0,0.0,25.0,6.0,4.3,4.0,100g,100,每100克可食部,
维生素C啤酒,,发酵酒,,100.0,77.0,0.3,0.0,0.0,29.0,12.0,1.7,2.0,100g,100,每100克可食部,
武汉啤酒（3.2度）,,发酵酒,,100.0,19.0,0.3,0.0,0.0,26.0,22.0,0.9,7.0,100g,100,每100克可食部,
五星啤酒,,发酵酒,,100.0,32.0,0.3,0.0,0.0,75.0,0.0,25.0,0.0,100g,100,每100克可食部,
行吟阁啤酒（3.2度）,,发酵酒,,100.0,19.0,0.3,0.0,0.0,21.0,15.0,4.2,0.0,100g,100,每100克可食部,
葡萄酒（均值）,,发酵酒,,100.0,73.0,0.1,0.0,0.0,33.0,3.0,1.6,21.0,100g,100,每100克可食部,
白葡萄酒,,发酵酒,,100.0,66.0,0.1,0.0,0.0,35.0,2.0,1.6,18.0,100g,100,每100克可食部,
红葡萄酒,,发酵酒,,100.0,74.0,0.1,0.0,0.0,27.0,4.0,1.7,20.0,100g,100,每100克可食部,
玫瑰香葡萄酒（15度）,,发酵酒,,100.0,85.0,0.1,0.0,0.0,38.0,6.0,1.1,31.0,100g,100,每100克可食部,
黄酒,,发酵酒,,100.0,66.0,1.6,0.0,0.0,26.0,21.0,5.2,41.0,100g,100,每100克可食部,
贡米佳酿（14度）,,发酵酒,,100.0,79.0,0.0,0.0,0.0,49.0,26.0,0.0,90.0,100g,100,每100克可食部,
加饭黄酒,,发酵酒,,100.0,37.0,1.6,0.0,0.0,2.0,29.0,1.5,12.0,100g,100,每100克可食部,
江米酒,,发酵酒,,100.0,91.0,1.6,0.0,0.0,0.0,9.0,1.0,16.0,100g,100,每100克可食部,
糯香酒（6.4度）,,发酵酒,,100.0,36.0,0.0,0.0,0.0,7.0,12.0,1.3,9.0,100g,100,每100克可食部,
善酿酒,,发酵酒,,100.0,99.0,2.0,0.0,0.0,1.0,0.0,0.4,0.0,100g,100,每100克可食部,
绍兴黄酒（15度）,,发酵酒,,100.0,95.0,0.0,0.0,0.0,69.0,30.0,4.2,15.0,100g,100,每100克可食部,
元红黄酒,,发酵酒,,100.0,36.0,1.3,0.0,0.0,1.0,20.0,1.7,17.0,100g,100,每100克可食部,
碧绿酒,,蒸馏酒,,100.0,239.0,0.0,0.0,0.0,1.0,0.0,1.3,5.0,100g,100,每100克可食部,
崇明老白酒,,蒸馏酒,,100.0,298.0,0.0,0.0,0.0,5.0,14.0,7.6,1.0,100g,100,每100克可食部,
低度汉酒（37.2度）,,蒸馏酒,,100.0,216.0,0.0,0.0,0.0,0.0,0.0,0.0,0.0,100g,100,每100克可食部,
二锅头（58度）,,蒸馏酒,,100.0,351.0,0.0,0.0,0.0,0.0,0.0,0.5,1.0,100g,100,每100克可食部,
甘州大曲,,蒸馏酒,,100.0,312.0,0.0,0.0,0.0,0.0,2.0,0.0,0.0,100g,100,每100克可食部,
汉口白酒（49.6度）,,蒸馏酒,,100.0,295.0,0.0,0.0,0.0,0.0,0.0,0.1,2.0,100g,100,每100克可食部,
汉口小麦酒（40.7度）,,蒸馏酒,,100.0,237.0,0.0,0.0,0.0,0.0,0.0,0.7,0.0,100g,100,每100克可食部,
黄鹤楼酒（39度）,,蒸馏酒,,100.0,227.0,0.0,0.0,0.0,0.0,0.0,0.0,0.0,100g,100,每100克可食部,
精制小麦酒,,蒸馏酒,,100.0,238.0,0.0,0.0,0.0,0.0,0.0,0.8,0.0,100g,100,每100克可食部,
景泰大曲,,蒸馏酒,,100.0,304.0,0.0,0.0,0.0,0.0,0.0,0.0,0.0,100g,100,每100克可食部,
景泰二曲,,蒸馏酒,,100.0,287.0,0.0,0.0,0.0,0.0,0.0,0.0,0.0,100g,100,每100克可食部,
酒泉酒,,蒸馏酒,,100.0,343.0,0.0,0.0,0.0,20.0,6.0,0.0,10.0,100g,100,每100克可食部,
凉洲曲酒,,蒸馏酒,,100.0,315.0,0.0,0.0,0.0,0.0,2.0,0.3,2.0,100g,100,每100克可食部,
宁河大曲,,蒸馏酒,,100.0,314.0,0.0,0.0,0.0,0.0,0.0,0.0,0.0,100g,100,每100克可食部,
宁河二曲,,蒸馏酒,,100.0,314.0,0.0,0.0,0.0,0.0,0.0,0.0,0.0,100g,100,每100克可食部,
曲酒（55度）,,蒸馏酒,,100.0,330.0,0.0,0.0,0.0,0.0,0.0,0.0,0.0,100g,100,每100克可食部,
三粮小麦（55度）,,蒸馏酒,,100.0,330.0,0.0,0.0,0.0,0.0,0.0,0.1,4.0,100g,100,每100克可食部,
丝路春酒,,蒸馏酒,,100.0,315.0,0.0,0.0,0.0,0.0,0.0,0.0,0.0,100g,100,每100克可食部,
特制汉酒（59.9度）,,蒸馏酒,,100.0,364.0,0.0,0.0,0.0,0.0,0.0,0.2,0.0,100g,100,每100克可食部,
特制三粮酒（56.2度）,,蒸馏酒,,100.0,339.0,0.0,0.0,0.0,9.0,0.0,0.0,0.0,100g,100,每100克可食部,
乌林春酒（青稞酒）,,蒸馏酒,,100.0,343.0,0.0,0.0,0.0,0.0,0.0,0.4,5.0,100g,100,每100克可食部,
五酿春（44.4度）,,蒸馏酒,,100.0,260.0,0.0,0.0,0.0,0.0,0.0,0.1,2.0,100g,100,每100克可食部,
小麦酒（48度）,,蒸馏酒,,100.0,284.0,0.0,0.0,0.0,0.0,0.0,0.6,0.0,100g,100,每100克可食部,
小麦酒（50度）,,蒸馏酒,,100.0,297.0,0.0,0.0,0.0,0.0,0.0,0.3,0.0,100g,100,每100克可食部,
燕岭春（57度）,,蒸馏酒,,100.0,344.0,0.0,0.0,0.0,0.0,0.0,0.0,0.0,100g,100,每100克可食部,
醉流霞（57度）,,蒸馏酒,,100.0,344.0,0.0,0.0,0.0,0.0,0.0,0.8,3.0,100g,100,每100克可食部,
蜜酒,,露酒（配制酒）,,100.0,84.0,0.0,0.0,0.0,0.0,0.0,0.0,0.0,100g,100,每100克可食部,
双喜沙棘酒,,露酒（配制酒）,,100.0,80.0,0.0,0.0,0.0,0.0,0.0,0.0,0.0,100g,100,每100克可食部,
香雪酒,,露酒（配制酒）,,100.0,37.0,1.5,0.0,0.0,2.0,44.0,1.4,25.0,100g,100,每100克可食部,
中华沙棘酒,,露酒（配制酒）,,100.0,57.0,0.0,0.0,0.0,0.0,0.0,0.0,0.0,100g,100,每100克可食部,
白砂糖,,糖,,100.0,400.0,0.0,0.0,99.9,5.0,8.0,0.4,20.0,100g,100,每100克可食部,
绵白糖,,糖,,100.0,396.0,0.1,0.0,98.9,2.0,3.0,2.0,6.0,100g,100,每100克可食部,
冰糖,,糖,,100.0,397.0,0.0,0.0,99.3,1.0,0.0,2.7,23.0,100g,100,每100克可食部,
红糖,,糖,,100.0,389.0,0.7,0.0,96.6,240.0,11.0,18.3,157.0,100g,100,每100克可食部,
麦芽糖,,糖,,100.0,331.0,0.2,0.2,82.0,0.0,0.0,0.0,0.0,100g,100,每100克可食部,
蜂蜜,,糖,,100.0,321.0,0.4,1.9,75.6,28.0,3.0,0.3,4.0,100g,100,每100克可食部,
花生牛轧糖,,糖果,,100.0,432.0,4.9,12.3,75.4,73.0,123.0,168.1,29.0,100g,100,每100克可食部,
胶姆糖,,糖果,,69.0,368.0,0.1,0.0,91.9,4.0,5.0,0.0,22.0,100g,100,每100克可食部,
马蹄软糖,,糖果,,100.0,359.0,0.1,0.0,89.6,2.0,4.0,0.0,26.0,100g,100,每100克可食部,
棉花糖,,糖果,,100.0,321.0,4.9,0.0,75.3,2.0,4.0,94.6,19.0,100g,100,每100克可食部,
奶糖,,糖果,,100.0,407.0,2.5,6.6,84.5,75.0,26.0,222.5,50.0,100g,100,每100克可食部,
泡泡糖,,糖果,,68.0,360.0,0.2,0.0,89.8,0.0,4.0,20.6,6.0,100g,100,每100克可食部,
巧克力,,糖果,,100.0,589.0,4.3,40.1,53.4,254.0,114.0,111.8,111.0,100g,100,每100克可食部,
巧克力（酒芯）,,糖果,,100.0,401.0,1.3,12.0,72.2,76.0,55.0,35.6,128.0,100g,100,每100克可食部,
巧克力（维夫）,朱古力威化,糖果,,100.0,575.0,8.2,38.4,49.7,292.0,128.0,111.2,61.0,100g,100,每100克可食部,
山楂球,,糖果,,100.0,371.0,0.5,0.0,92.6,88.0,10.0,160.4,58.0,100g,100,每100克可食部,
什锦糖果,,糖果,,100.0,399.0,0.3,0.2,98.9,14.0,3.0,180.1,8.0,100g,100,每100克可食部,
水晶糖,,糖果,,100.0,395.0,0.2,0.2,98.2,9.0,5.0,107.8,0.0,100g,100,每100克可食部,
酥糖,,糖果,,100.0,436.0,6.0,13.9,75.6,148.0,135.0,45.0,186.0,100g,100,每100克可食部,
酸三色糖,,糖果,,100.0,397.0,0.0,0.4,98.4,11.0,2.0,154.7,10.0,100g,100,每100克可食部,
鲜桃果汁糖,,糖果,,100.0,397.0,0.0,0.2,98.8,20.0,3.0,172.1,14.0,100g,100,每100克可食部,
芝麻南糖,,糖果,,100.0,548.0,4.8,35.6,54.4,148.0,167.0,33.5,0.0,100g,100,每100克可食部,
海棠脯,,蜜饯,,100.0,290.0,0.6,0.2,72.6,144.0,10.0,200.5,19.0,100g,100,每100克可食部,
李广杏脯,,蜜饯,,100.0,293.0,2.8,0.3,72.1,409.0,26.0,146.5,397.0,100g,100,每100克可食部,
南瓜果脯,,蜜饯,,100.0,337.0,0.9,0.2,83.3,5.0,15.0,16.4,176.0,100g,100,每100克可食部,
苹果脯,,蜜饯,,100.0,340.0,0.6,0.1,84.9,67.0,12.0,12.8,9.0,100g,100,每100克可食部,
青梅果脯,,蜜饯,,100.0,314.0,1.2,0.6,77.4,23.0,12.0,222.8,106.0,100g,100,每100克可食部,
桃脯,,蜜饯,,100.0,315.0,1.4,0.4,77.6,286.0,32.0,243.0,96.0,100g,100,每100克可食部,
西瓜脯,,蜜饯,,100.0,311.0,0.7,0.2,77.5,1040.0,21.0,529.3,253.0,100g,100,每100克可食部,
杏脯,,蜜饯,,100.0,333.0,0.8,0.6,82.0,266.0,22.0,213.3,68.0,100g,100,每100克可食部,
金糕,,蜜饯,,100.0,178.0,0.2,0.3,44.0,93.0,9.0,34.3,49.0,100g,100,每100克可食部,
金糕条,山楂条,蜜饯,,100.0,303.0,0.6,0.6,74.6,302.0,18.0,192.1,42.0,100g,100,每100克可食部,
山楂果丹皮,,蜜饯,,100.0,326.0,1.0,0.8,80.0,312.0,41.0,115.5,52.0,100g,100,每100克可食部,
牛油（板油）,,动物油,,100.0,835.0,0.0,92.0,1.8,3.0,9.0,9.4,9.0,100g,100,每100克可食部,
牛油（炼）,,动物油,,100.0,898.0,0.0,99.7,0.1,0.0,0.0,0.0,0.0,100g,100,每100克可食部,
鸭油（炼）,,动物油,,100.0,897.0,0.0,99.7,0.0,0.0,0.0,0.0,0.0,100g,100,每100克可食部,
羊油（板油）,,动物油,,100.0,824.0,0.0,88.0,8.0,12.0,18.0,13.2,0.0,100g,100,每100克可食部,
羊油（炼）,,动物油,,100.0,895.0,0.0,99.0,0.9,0.0,0.0,0.0,0.0,100g,100,每100克可食部,
猪油（板油）,,动物油,,100.0,827.0,0.0,88.7,7.2,14.0,10.0,138.5,0.0,100g,100,每100克可食部,
猪油（炼）,,动物油,,100.0,897.0,0.0,99.6,0.2,0.0,0.0,0.0,0.0,100g,100,每100克可食部,
菜籽油,青油,植物油,,100.0,899.0,0.0,99.9,0.0,2.0,9.0,7.0,9.0,100g,100,每100克可食部,
茶油,,植物油,,100.0,899.0,0.0,99.9,0.0,2.0,8.0,0.7,5.0,100g,100,每100克可食部,
大麻油,粟米油,植物油,,100.0,899.0,0.0,99.9,0.0,3.0,6.0,1.5,15.0,100g,100,每100克可食部,
豆油,,植物油,,100.0,899.0,0.0,99.9,0.0,3.0,7.0,4.9,13.0,100g,100,每100克可食部,
红花油,,植物油,,100.0,899.0,0.0,99.9,0.0,0.0,0.0,0.0,0.0,100g,100,每100克可食部,
胡麻油,,植物油,,100.0,900.0,0.0,100.0,0.0,0.0,5.0,0.6,3.0,100g,100,每100克可食部,
花生油,,植物油,,100.0,899.0,0.0,99.9,0.0,1.0,15.0,3.5,12.0,100g,100,每100克可食部,
混合油（菜+棕）,,植物油,,100.0,900.0,0.0,99.9,0.1,2.0,0.0,10.5,75.0,100g,100,每100克可食部,
葵花子油,,植物油,,100.0,899.0,0.0,99.9,0.0,1.0,4.0,2.8,2.0,100g,100,每100克可食部,
辣椒油,,植物油,,100.0,900.0,0.0,100.0,0.0,0.0,0.0,0.0,0.0,100g,100,每100克可食部,
麻子籽,,植物油,,100.0,341.0,21.8,28.2,38.2,447.0,631.0,12.6,407.0,100g,100,每100克可食部,
麦胚油,,植物油,,100.0,899.0,0.0,99.9,0.0,0.0,0.0,0.0,0.0,100g,100,每100克可食部,
棉籽油,,植物油,,100.0,899.0,0.0,99.8,0.1,1.0,16.0,4.5,17.0,100g,100,每100克可食部,
色拉油,,植物油,,100.0,898.0,0.0,99.8,0.0,3.0,1.0,5.1,18.0,100g,100,每100克可食部,
椰子油,,植物油,,100.0,899.0,0.0,99.9,0.0,0.0,0.0,0.0,0.0,100g,100,每100克可食部,
玉米油,,植物油,,100.0,895.0,0.0,99.2,0.5,2.0,18.0,1.4,1.0,100g,100,每100克可食部,
芝麻油,香油,植物油,,100.0,898.0,0.0,99.7,0.2,0.0,4.0,1.1,9.0,100g,100,每100克可食部,
棕榈油,,植物油,,100.0,900.0,0.0,100.0,0.0,0.0,8.0,1.3,0.0,100g,100,每100克可食部,
橄榄油,,植物油,,100.0,899.0,0.0,99.9,0.0,0.0,0.0,0.0,0.0,100g,100,每100克可食部,
高粱面面条,,植物油,,100.0,304.0,7.0,0.2,68.7,0.0,0.0,0.0,0.0,100g,100,每100克可食部,
酱油（均值）,,酱油,,100.0,63.0,5.6,0.1,10.1,337.0,204.0,5757.0,66.0,100g,100,每100克可食部,
酱油（高级）,,酱油,,100.0,71.0,8.4,0.2,9.0,430.0,38.0,4056.0,30.0,100g,100,每100克可食部,
酱油（一级）,,酱油,,100.0,66.0,8.3,0.6,6.9,848.0,173.0,4861.1,27.0,100g,100,每100克可食部,
酱油（三级）,,酱油,,100.0,40.0,6.8,0.4,2.4,200.0,19.0,1903.0,14.0,100g,100,每100克可食部,
酱油（冬菇）,,酱油,,100.0,39.0,3.5,0.1,5.9,220.0,16.0,2057.0,18.0,100g,100,每100克可食部,
酱油（多味）,,酱油,,100.0,86.0,7.8,0.4,12.9,602.0,227.0,4050.0,79.0,100g,100,每100克可食部,
酱油（三鲜）,,酱油,,100.0,41.0,3.4,0.1,6.6,118.0,57.0,2462.0,58.0,100g,100,每100克可食部,
酱油（晒制）,,酱油,,100.0,70.0,9.4,0.6,6.8,457.0,171.0,3836.3,47.0,100g,100,每100克可食部,
酱油（特母）,,酱油,,100.0,55.0,6.7,0.0,7.2,509.0,20.0,4580.0,33.0,100g,100,每100克可食部,
酱油（味精）,,酱油,,100.0,51.0,6.9,0.1,5.7,572.0,24.0,5843.2,589.0,100g,100,每100克可食部,
醋（均值）,,醋,,100.0,31.0,2.1,0.3,4.9,351.0,96.0,262.1,17.0,100g,100,每100克可食部,
白醋,,醋,,100.0,6.0,0.1,0.6,0.0,12.0,0.0,225.9,26.0,100g,100,每100克可食部,
陈醋,,醋,,100.0,114.0,9.8,0.3,17.9,715.0,124.0,836.0,125.0,100g,100,每100克可食部,
甘醋,,醋,,100.0,37.0,2.8,0.0,6.5,187.0,269.0,460.0,42.0,100g,100,每100克可食部,
黑醋,,醋,,100.0,91.0,3.7,0.2,18.5,286.0,262.0,349.5,45.0,100g,100,每100克可食部,
五香醋,,醋,,100.0,14.0,0.5,0.0,3.0,116.0,32.0,185.0,105.0,100g,100,每100克可食部,
香醋,,醋,,100.0,68.0,3.8,0.1,13.0,117.0,0.0,183.9,37.0,100g,100,每100克可食部,
熏醋,,醋,,100.0,43.0,3.0,0.4,6.9,276.0,320.0,444.0,41.0,100g,100,每100克可食部,
豆瓣酱,,酱,,100.0,181.0,13.6,6.8,17.1,772.0,154.0,6012.0,53.0,100g,100,每100克可食部,
豆瓣酱（辣油）,,酱,,100.0,188.0,7.9,5.9,27.0,549.0,104.0,2201.5,66.0,100g,100,每100克可食部,
豆瓣辣酱,,酱,,100.0,73.0,3.6,2.4,12.9,234.0,37.0,1268.7,207.0,100g,100,每100克可食部,
花生酱,,酱,,100.0,600.0,6.9,53.0,25.3,99.0,90.0,2340.0,67.0,100g,100,每100克可食部,
黄酱,大酱,酱,,100.0,138.0,12.1,1.2,21.3,508.0,160.0,3606.1,70.0,100g,100,每100克可食部,
酱油膏,,酱,,100.0,99.0,13.0,0.7,10.2,460.0,374.0,7700.0,46.0,100g,100,每100克可食部,
辣椒酱,辣椒糊,酱,,100.0,36.0,0.8,2.8,3.2,222.0,30.0,8027.6,117.0,100g,100,每100克可食部,
麻辣酱,,酱,,100.0,145.0,5.8,5.1,21.4,366.0,105.0,3222.5,186.0,100g,100,每100克可食部,
牛肉辣瓣酱,,酱,,100.0,129.0,9.7,6.1,9.4,243.0,104.0,3037.5,65.0,100g,100,每100克可食部,
蒜蓉辣酱,,酱,,100.0,96.0,4.8,0.6,19.6,308.0,54.0,3236.3,71.0,100g,100,每100克可食部,
甜面酱,,酱,,100.0,139.0,5.5,0.6,28.5,189.0,76.0,2097.2,29.0,100g,100,每100克可食部,
五香豆豉,,酱,,100.0,270.0,24.1,3.0,39.7,715.0,43.0,263.8,29.0,100g,100,每100克可食部,
香油辣酱,,酱,,100.0,67.0,2.1,3.6,9.8,201.0,36.0,1491.9,10.0,100g,100,每100克可食部,
芝麻酱,,酱,,100.0,630.0,19.2,52.7,22.7,342.0,626.0,38.5,1170.0,100g,100,每100克可食部,
郫县辣酱,,酱,,100.0,106.0,4.0,1.0,24.8,585.0,125.0,5658.1,106.0,100g,100,每100克可食部,
草莓酱,,酱,,100.0,270.0,0.8,0.2,66.3,52.0,8.0,8.7,44.0,100g,100,每100克可食部,
番茄酱,,酱,,100.0,83.0,4.9,0.2,16.9,989.0,117.0,37.1,28.0,100g,100,每100克可食部,
柠檬酱,,酱,,100.0,283.0,0.6,5.1,62.7,11.0,15.0,65.0,9.0,100g,100,每100克可食部,
苹果酱,,酱,,100.0,278.0,0.4,0.1,69.0,26.0,3.0,11.0,2.0,100g,100,每100克可食部,
桃酱,,酱,,100.0,274.0,0.4,0.2,68.0,62.0,11.0,14.2,5.0,100g,100,每100克可食部,
杏酱,,酱,,100.0,286.0,0.2,0.3,70.9,113.0,4.0,5.0,6.0,100g,100,每100克可食部,
腐乳（白）,酱豆腐,腐乳,,100.0,135.0,10.9,8.2,4.8,84.0,74.0,2460.0,61.0,100g,100,每100克可食部,
腐乳（臭）,臭豆腐,腐乳,,100.0,132.0,11.6,7.9,3.9,96.0,126.0,2012.0,75.0,100g,100,每100克可食部,
腐乳（红）,酱豆腐,腐乳,,100.0,153.0,12.0,8.1,8.2,81.0,171.0,3091.0,87.0,100g,100,每100克可食部,
桂林腐乳,,腐乳,,100.0,206.0,7.3,11.3,19.2,283.0,75.0,3000.0,302.0,100g,100,每100克可食部,
糟豆腐乳,糟乳,腐乳,,100.0,157.0,11.7,7.4,11.2,282.0,320.0,7410.0,62.0,100g,100,每100克可食部,
八宝菜,,咸菜类,,100.0,78.0,4.6,1.4,13.4,109.0,77.0,2843.2,110.0,100g,100,每100克可食部,
冬菜,,咸菜类,,100.0,52.0,3.5,0.3,10.1,443.0,81.0,7228.6,135.0,100g,100,每100克可食部,
狗芽菜,,咸菜类,,100.0,27.0,1.3,0.1,6.5,341.0,15.0,2777.4,125.0,100g,100,每100克可食部,
桂花大头菜,佛手疙瘩,咸菜类,,100.0,54.0,3.2,0.4,10.4,170.0,44.0,6060.6,257.0,100g,100,每100克可食部,
合锦菜,,咸菜类,,100.0,83.0,6.0,0.0,16.7,129.0,85.0,3077.3,102.0,100g,100,每100克可食部,
姜（糟）,,咸菜类,,100.0,30.0,1.6,0.8,4.8,387.0,2.0,9686.0,39.0,100g,100,每100克可食部,
酱包瓜,,咸菜类,,100.0,112.0,4.7,0.0,24.8,136.0,60.0,2523.2,15.0,100g,100,每100克可食部,
酱大头菜,,咸菜类,,100.0,41.0,2.4,0.3,8.4,268.0,41.0,4623.7,77.0,100g,100,每100克可食部,
酱甘露,地蚕;甘露子,咸菜类,,100.0,41.0,2.2,0.3,8.2,260.0,52.0,2839.0,54.0,100g,100,每100克可食部,
酱黄瓜,,咸菜类,,100.0,26.0,3.0,0.3,3.4,299.0,73.0,3769.5,52.0,100g,100,每100克可食部,
酱萝卜,,咸菜类,,100.0,33.0,3.5,0.4,4.5,373.0,60.0,6880.8,102.0,100g,100,每100克可食部,
酱蘑菇,,咸菜类,,100.0,122.0,5.4,0.2,25.0,250.0,18.0,400.0,30.0,100g,100,每100克可食部,
酱苤蓝丝,,咸菜类,,100.0,42.0,5.5,0.0,5.7,147.0,120.0,4981.3,38.0,100g,100,每100克可食部,
酱莴笋,,咸菜类,,100.0,25.0,2.3,0.2,4.1,302.0,32.0,4665.1,28.0,100g,100,每100克可食部,
芥菜干,,咸菜类,,100.0,196.0,13.3,0.8,47.5,883.0,100.0,3333.0,1542.0,100g,100,每100克可食部,
金钱萝卜,,咸菜类,,100.0,45.0,1.6,0.3,10.1,365.0,33.0,3232.5,158.0,100g,100,每100克可食部,
辣萝卜条,,咸菜类,,100.0,41.0,1.4,0.5,8.5,150.0,34.0,2650.9,118.0,100g,100,每100克可食部,
萝卜干,,咸菜类,,100.0,67.0,3.3,0.2,14.6,508.0,65.0,4203.0,53.0,100g,100,每100克可食部,
乳黄瓜,嫩黄瓜,咸菜类,,100.0,36.0,1.7,0.3,7.4,220.0,21.0,3087.1,44.0,100g,100,每100克可食部,
什锦菜,,咸菜类,,100.0,38.0,2.9,0.5,6.2,399.0,62.0,4092.7,21.0,100g,100,每100克可食部,
酸芥菜,,咸菜类,,100.0,21.0,1.2,0.1,4.9,126.0,22.0,1164.0,51.0,100g,100,每100克可食部,
蒜头（酱）,,咸菜类,,73.0,109.0,4.4,0.1,23.9,450.0,73.0,3503.1,6.0,100g,100,每100克可食部,
蒜头（甜）,糖蒜,咸菜类,,74.0,117.0,2.1,0.2,27.6,174.0,44.0,692.2,38.0,100g,100,每100克可食部,
甜辣黄瓜,,咸菜类,,100.0,102.0,2.8,0.2,22.8,157.0,53.0,0.0,96.0,100g,100,每100克可食部,
甜酸皎头,,咸菜类,,100.0,98.0,0.5,0.5,23.0,55.0,6.0,809.0,68.0,100g,100,每100克可食部,
五香大头菜,,咸菜类,,100.0,57.0,4.6,0.2,11.5,0.0,0.0,0.0,0.0,100g,100,每100克可食部,
咸沙葱,蒙古韭,咸菜类,,100.0,28.0,2.4,0.8,3.8,604.0,10.0,1712.4,457.0,100g,100,每100克可食部,
洋姜（腌）,菊芋;鬼子姜,咸菜类,,100.0,36.0,2.6,0.0,6.8,340.0,69.0,5443.3,244.0,100g,100,每100克可食部,
榨菜,,咸菜类,,100.0,33.0,2.2,0.3,6.5,363.0,41.0,4252.6,155.0,100g,100,每100克可食部,
蕨菜（腌）,,咸菜类,,100.0,26.0,2.5,0.3,4.4,13.0,33.0,990.6,115.0,100g,100,每100克可食部,
腌芥菜头,水芥;水疙瘩,咸菜类,,100.0,44.0,2.8,0.1,9.3,284.0,41.0,7250.7,87.0,100g,100,每100克可食部,
腌芥菜头（煮）,煮芥;煮疙瘩,咸菜类,,100.0,30.0,2.1,0.2,5.9,297.0,45.0,6834.5,174.0,100g,100,每100克可食部,
腌韭菜花,,咸菜类,,100.0,17.0,1.3,0.3,2.8,94.0,31.0,5184.0,76.0,100g,100,每100克可食部,
腌龙须菜,,咸菜类,,100.0,71.0,1.4,0.0,17.3,1237.0,70.0,1103.0,8.0,100g,100,每100克可食部,
腌雪里红,,咸菜类,,100.0,29.0,2.4,0.2,5.4,369.0,36.0,3304.2,294.0,100g,100,每100克可食部,
八角,大料;大茴香,香辛料,,100.0,281.0,3.8,5.6,75.4,202.0,64.0,14.7,41.0,100g,100,每100克可食部,
胡椒粉,,香辛料,,100.0,361.0,9.6,2.2,76.9,154.0,172.0,4.9,2.0,100g,100,每100克可食部,
花椒,,香辛料,,100.0,316.0,6.7,8.9,66.5,204.0,69.0,47.4,639.0,100g,100,每100克可食部,
黄毛籽,,香辛料,,100.0,330.0,21.0,15.6,50.4,604.0,539.0,42.7,868.0,100g,100,每100克可食部,
芥茉,,香辛料,,100.0,490.0,23.6,29.9,35.3,366.0,530.0,7.8,656.0,100g,100,每100克可食部,
苦豆子,,香辛料,,100.0,270.0,4.6,2.4,72.3,26.0,97.0,28.1,332.0,100g,100,每100克可食部,
辣椒粉,,香辛料,,100.0,290.0,15.2,9.5,57.7,1358.0,374.0,100.0,146.0,100g,100,每100克可食部,
全料蒸肉粉,,香辛料,,100.0,343.0,8.9,1.2,74.3,140.0,125.0,1678.8,52.0,100g,100,每100克可食部,
五香粉,,香辛料,,100.0,359.0,1.0,8.0,73.3,1138.0,66.0,27.2,181.0,100g,100,每100克可食部,
茴香籽,小茴香籽,香辛料,,100.0,318.0,14.5,11.8,55.5,1104.0,336.0,79.6,751.0,100g,100,每100克可食部,
湖盐,青盐,盐、味精及其他调料,,100.0,11.0,0.1,0.0,2.7,192.0,0.0,92768.0,552.0,100g,100,每100克可食部,
精盐,,盐、味精及其他调料,,100.0,0.0,0.0,0.0,0.0,14.0,0.0,39311.0,22.0,100g,100,每100克可食部,
土盐,,盐、味精及其他调料,,100.0,0.0,0.0,0.0,0.0,30.0,11.0,39000.0,49.0,100g,100,每100克可食部,
味精,,盐、味精及其他调料,,100.0,268.0,40.1,0.2,26.5,4.0,4.0,8160.0,100.0,100g,100,每100克可食部,
酵母（鲜）,,盐、味精及其他调料,,100.0,106.0,2.6,0.0,23.9,448.0,409.0,13.6,9.0,100g,100,每100克可食部,
酵母（干）,,盐、味精及其他调料,,100.0,372.0,47.6,1.7,45.5,0.0,1893.0,0.0,106.0,100g,100,每100克可食部,
白芷,,其他,,100.0,324.0,8.9,1.5,74.1,100.0,118.0,27.4,3.0,100g,100,每100克可食部,
薄荷（干）,,其他,,100.0,271.0,6.8,3.9,67.6,135.0,22.0,17.5,0.0,100g,100,每100克可食部,
薄荷（鲜）,,其他,,100.0,34.0,4.4,0.0,6.6,677.0,99.0,4.5,341.0,100g,100,每100克可食部,
北五味子叶（鲜）,五味子;秤砣子,其他,,100.0,75.0,3.9,0.3,15.3,0.0,22.0,0.0,363.0,100g,100,每100克可食部,
车前（鲜）,,其他,,100.0,1.0,0.0,0.0,0.3,455.0,49.0,1.6,370.0,100g,100,每100克可食部,
车前子（鲜）,车轮菜,其他,,100.0,73.0,4.0,1.0,13.7,0.0,175.0,0.0,309.0,100g,100,每100克可食部,
陈皮,,其他,,100.0,319.0,8.0,1.4,79.0,186.0,85.0,21.0,82.0,100g,100,每100克可食部,
丁香,,其他,,100.0,359.0,0.3,17.2,67.4,47.0,10.0,122.1,137.0,100g,100,每100克可食部,
防风（根，鲜）,,其他,,100.0,9.0,0.0,0.0,4.3,616.0,106.0,4.1,64.0,100g,100,每100克可食部,
防风（叶，鲜）,,其他,,100.0,8.0,0.0,0.0,4.0,888.0,96.0,1.0,160.0,100g,100,每100克可食部,
甘草,,其他,,100.0,280.0,4.9,4.2,75.0,28.0,38.0,154.7,832.0,100g,100,每100克可食部,
高良姜,,其他,,100.0,255.0,10.9,5.7,61.9,87.0,8.0,7.5,75.0,100g,100,每100克可食部,
红花,,其他,,100.0,220.0,5.6,4.9,63.3,54.0,101.0,36.0,312.0,100g,100,每100克可食部,
虎杖（鲜）,,其他,,0.0,5.0,0.0,0.0,2.5,204.0,32.0,0.0,17.0,100g,100,每100克可食部,
菊花,怀菊花,其他,,100.0,274.0,6.0,3.3,63.0,132.0,88.0,20.5,234.0,100g,100,每100克可食部,
决明（鲜）,,其他,,0.0,1.0,0.0,0.0,0.3,320.0,54.0,0.0,317.0,100g,100,每100克可食部,
莱菔子,,其他,,100.0,352.0,18.8,30.0,37.2,8.0,8.0,4.3,48.0,100g,100,每100克可食部,
罗汉果,,其他,,100.0,246.0,13.4,0.8,65.6,134.0,180.0,10.6,40.0,100g,100,每100克可食部,
木榧,园榧,其他,,58.0,560.0,12.4,42.0,38.5,280.0,180.0,4.9,11.0,100g,100,每100克可食部,
肉豆蔻,,其他,,100.0,465.0,8.1,35.2,43.3,61.0,26.0,25.6,42.0,100g,100,每100克可食部,
肉桂,,其他,,100.0,278.0,11.7,2.7,71.5,167.0,1.0,0.6,88.0,100g,100,每100克可食部,
砂仁,,其他,,100.0,265.0,8.1,1.5,69.0,46.0,67.0,21.6,80.0,100g,100,每100克可食部,
桃仁,,其他,,100.0,429.0,0.1,37.6,51.4,0.0,63.0,0.0,0.0,100g,100,每100克可食部,
乌梅,,其他,,34.0,287.0,6.8,2.3,76.6,161.0,16.0,19.3,33.0,100g,100,每100克可食部,
郁李仁,,其他,,100.0,484.0,24.8,42.7,24.0,53.0,32.0,5.2,111.0,100g,100,每100克可食部,
枣仁,,其他,,100.0,416.0,0.8,24.1,61.0,31.0,52.0,11.8,81.0,100g,100,每100克可食部,
紫苏,,其他,,100.0,295.0,0.2,11.9,77.0,65.0,68.0,362.8,78.0,100g,100,每100克可食部,
紫苏（鲜）,赤苏;白苏,其他,,76.0,59.0,3.8,1.3,9.9,435.0,73.0,2.9,311.0,100g,100,每100克可食部,
茯苓,,其他,,100.0,178.0,1.2,0.5,82.6,58.0,32.0,1.0,2.0,100g,100,每100克可食部,
藿香,,其他,,100.0,264.0,10.5,5.0,63.1,47.0,183.0,45.9,436.0,100g,100,每100克可食部,
藿香（鲜）,,其他,,0.0,11.0,0.0,0.0,5.5,508.0,75.0,0.0,275.0,100g,100,每100克可食部,
藿香叶（鲜）,兜娄婆香,其他,,0.0,97.0,8.6,1.7,13.7,0.0,104.0,0.0,580.0,100g,100,每100克可食部,
枸杞子,,其他,,98.0,258.0,13.9,1.5,64.1,434.0,209.0,252.1,60.0,100g,100,每100克可食部,
甲鱼,鳖,其他,,70.0,118.0,17.8,4.3,2.1,196.0,114.0,96.9,70.0,100g,100,每100克可食部,
田鸡,青蛙,其他,,37.0,93.0,20.5,1.2,0.0,280.0,200.0,11.8,127.0,100g,100,每100克可食部,
田鸡腿,青蛙腿,其他,,35.0,79.0,11.8,1.4,4.7,92.0,7.0,215.2,121.0,100g,100,每100克可食部,
中国鲎,水鳖子,其他,,68.0,63.0,10.3,1.5,2.1,125.0,114.0,395.8,38.0,100g,100,每100克可食部,
蛇（均值）,,其他,,36.0,85.0,15.1,0.5,5.0,248.0,82.0,90.8,29.0,100g,100,每100克可食部,
饭铲头蛇,,其他,,23.0,88.0,15.1,0.4,6.1,202.0,116.0,105.2,13.0,100g,100,每100克可食部,
过树榕蛇,,其他,,31.0,75.0,13.7,0.2,4.5,284.0,100.0,90.6,16.0,100g,100,每100克可食部,
锦蛇,,其他,,78.0,94.0,20.3,0.7,1.6,357.0,10.0,67.8,18.0,100g,100,每100克可食部,
三索线蛇,,其他,,27.0,76.0,11.8,0.1,6.9,210.0,94.0,104.4,41.0,100g,100,每100克可食部,
水蛇,,其他,,22.0,90.0,14.4,1.0,5.9,189.0,92.0,85.8,57.0,100g,100,每100克可食部,
蚕蛹,,其他,,100.0,230.0,21.5,13.0,6.7,272.0,207.0,140.2,81.0,100g,100,每100克可食部,
冬虫夏草,虫草,其他,,100.0,332.0,20.9,4.7,61.6,595.0,95.0,264.0,197.0,100g,100,每100克可食部,
蝎子,,其他,,100.0,177.0,26.2,4.7,7.5,150.0,241.0,115.7,120.0,100g,100,每100克可食部,
蚝油（海天）,,其他,,100.0,80.0,3.33,0.0,14.67,0.0,0.0,4367.0,0.0,100g,100,每100克可食部,
柱候酱,,其他,,100.0,170.0,7.0,7.0,18.0,0.0,0.0,0.0,0.0,100g,100,每100克可食部,
秋刀鱼,,其他,,100.0,310.0,18.5,24.6,0.1,0.0,0.0,0.0,0.0,100g,100,每100克可食部,
